timeframe,rsi_at_entry,ema_diff,volume_ratio,session,htf_bias,trade_direction,sl_distance_points,entry_price,result,pnl_points,EnteredAt,ExitedAt,ExitPrice,PnL,Size,duration_seconds,contract
1H,73.65,21.12,1.0,newyork,bullish,short,21.75,23373.0,loss,-21.75,2025-07-21 13:59:00+00:00,2025-07-21 14:00:33+00:00,23394.75,-130.5,3,93.0,MNQU5
1H,73.65,21.12,1.0,newyork,bullish,short,5.25,23389.5,loss,-5.25,2025-07-21 14:00:18+00:00,2025-07-21 14:00:33+00:00,23394.75,-10.5,1,15.0,MNQU5
1H,73.65,21.12,1.0,newyork,bullish,short,12.0,23390.5,loss,-12.0,2025-07-21 14:18:45+00:00,2025-07-21 14:20:25+00:00,23402.5,-72.0,3,100.0,MNQU5
1H,73.65,21.12,1.0,newyork,bullish,short,9.25,23393.25,loss,-9.25,2025-07-21 14:18:54+00:00,2025-07-21 14:20:25+00:00,23402.5,-18.5,1,91.0,MNQU5
1H,73.65,21.12,1.0,newyork,bullish,short,10.5,23392.0,loss,-10.5,2025-07-21 14:19:50+00:00,2025-07-21 14:20:25+00:00,23402.5,-21.0,1,35.0,MNQU5
1H,40.51,-26.92,5.236,newyork,bullish,short,6.75,23178.75,win,6.75,2025-07-22 14:18:06+00:00,2025-07-22 14:22:30+00:00,23172.0,13.5,1,264.0,MNQU5
1H,40.51,-26.92,5.236,newyork,bullish,short,6.75,23178.75,win,6.75,2025-07-22 14:18:06+00:00,2025-07-22 14:22:30+00:00,23172.0,13.5,1,264.0,MNQU5
1H,40.51,-26.92,5.236,newyork,bullish,short,6.5,23178.5,win,6.5,2025-07-22 14:18:06+00:00,2025-07-22 14:22:30+00:00,23172.0,13.0,1,264.0,MNQU5
1H,40.51,-26.92,5.236,newyork,bullish,short,3.75,23175.75,win,3.75,2025-07-22 14:18:13+00:00,2025-07-22 14:22:30+00:00,23172.0,7.5,1,257.0,MNQU5
1H,40.51,-26.92,5.236,newyork,bullish,short,6.0,23178.0,win,6.0,2025-07-22 14:18:14+00:00,2025-07-22 14:22:30+00:00,23172.0,12.0,1,256.0,MNQU5
1H,51.28,-8.98,3.671,newyork,bullish,long,4.0,23181.0,win,4.0,2025-07-23 14:50:18+00:00,2025-07-23 14:50:45+00:00,23185.0,32.0,4,27.0,MNQU5
1H,51.28,-8.98,3.671,newyork,bullish,short,16.5,23202.0,win,16.5,2025-07-23 15:03:01+00:00,2025-07-23 15:04:04+00:00,23185.5,165.0,5,63.0,MNQU5
1H,55.38,15.63,4.221,newyork,bullish,short,34.0,23362.0,win,34.0,2025-07-24 13:56:14+00:00,2025-07-24 14:10:12+00:00,23328.0,68.0,1,838.0,MNQU5
1H,55.38,15.63,4.221,newyork,bullish,short,35.5,23362.0,win,35.5,2025-07-24 13:56:14+00:00,2025-07-24 14:10:02+00:00,23326.5,142.0,2,828.0,MNQU5
1H,55.84,0.86,4.34,newyork,bullish,short,24.75,23393.5,loss,-24.75,2025-07-25 14:18:07+00:00,2025-07-25 14:34:33+00:00,23418.25,-49.5,1,986.0,MNQU5
1H,55.84,0.86,4.34,newyork,bullish,short,18.5,23399.75,loss,-18.5,2025-07-25 14:19:25+00:00,2025-07-25 14:34:33+00:00,23418.25,-185.0,5,908.0,MNQU5
1H,46.25,16.38,5.149,newyork,bearish,long,0.75,23569.25,win,0.75,2025-07-29 14:08:05+00:00,2025-07-29 14:16:11+00:00,23570.0,4.5,3,486.0,MNQU5
1H,46.25,16.38,5.149,newyork,bearish,long,11.0,23569.25,win,11.0,2025-07-29 14:08:05+00:00,2025-07-29 14:11:39+00:00,23580.25,22.0,1,214.0,MNQU5
1H,46.25,16.38,5.149,newyork,bearish,long,11.25,23569.25,win,11.25,2025-07-29 14:08:05+00:00,2025-07-29 14:11:35+00:00,23580.5,22.5,1,210.0,MNQU5
1H,46.25,16.38,5.149,newyork,bearish,long,2.5,23572.5,loss,-2.5,2025-07-29 14:08:15+00:00,2025-07-29 14:16:11+00:00,23570.0,-5.0,1,476.0,MNQU5
1H,40.79,7.94,4.938,newyork,bearish,long,2.75,23564.5,loss,-2.75,2025-07-29 14:31:11+00:00,2025-07-29 14:32:38+00:00,23561.75,-5.5,1,87.0,MNQU5
1H,40.79,7.94,4.938,newyork,bearish,long,2.5,23559.25,win,2.5,2025-07-29 14:31:40+00:00,2025-07-29 14:32:38+00:00,23561.75,5.0,1,58.0,MNQU5
1H,40.79,7.94,4.938,newyork,bearish,long,3.25,23558.5,win,3.25,2025-07-29 14:31:42+00:00,2025-07-29 14:32:38+00:00,23561.75,6.5,1,56.0,MNQU5
1H,40.79,7.94,4.938,newyork,bearish,long,4.0,23557.75,win,4.0,2025-07-29 14:31:45+00:00,2025-07-29 14:32:38+00:00,23561.75,8.0,1,53.0,MNQU5
1H,54.27,-2.32,3.884,newyork,bullish,short,0.5,23483.25,win,0.5,2025-07-30 13:52:01+00:00,2025-07-30 13:57:41+00:00,23482.75,1.0,1,340.0,MNQU5
1H,54.27,-2.32,3.884,newyork,bullish,short,3.0,23485.75,win,3.0,2025-07-30 13:52:31+00:00,2025-07-30 13:57:41+00:00,23482.75,12.0,2,310.0,MNQU5
1H,54.27,-2.32,3.884,newyork,bullish,short,6.5,23486.75,win,6.5,2025-07-30 13:57:56+00:00,2025-07-30 14:01:52+00:00,23480.25,39.0,3,236.0,MNQU5
1H,35.92,13.87,3.427,newyork,bearish,long,32.25,23648.75,win,32.25,2025-07-31 13:51:13+00:00,2025-07-31 13:53:17+00:00,23681.0,193.5,3,124.0,MNQU5
1H,33.1,-141.75,2.243,newyork,bullish,short,0.5,22987.5,win,0.5,2025-08-01 14:40:05+00:00,2025-08-01 14:41:24+00:00,22987.0,1.0,1,79.0,MNQU5
1H,33.1,-141.75,2.243,newyork,bullish,short,0.25,22986.75,loss,-0.25,2025-08-01 14:40:06+00:00,2025-08-01 14:41:24+00:00,22987.0,-0.5,1,78.0,MNQU5
1H,66.36,51.45,2.272,newyork,bullish,long,16.0,23232.5,win,16.0,2025-08-04 14:48:06+00:00,2025-08-04 14:50:16+00:00,23248.5,32.0,1,130.0,MNQU5
1H,66.36,51.45,2.272,newyork,bullish,long,12.75,23233.5,win,12.75,2025-08-04 14:48:08+00:00,2025-08-04 14:50:22+00:00,23246.25,25.5,1,134.0,MNQU5
1H,66.36,51.45,2.272,newyork,bullish,long,0.75,23234.25,win,0.75,2025-08-04 14:48:16+00:00,2025-08-04 14:50:38+00:00,23235.0,1.5,1,142.0,MNQU5
1H,66.36,51.45,2.272,newyork,bullish,long,1.25,23233.75,win,1.25,2025-08-04 14:48:16+00:00,2025-08-04 14:50:38+00:00,23235.0,2.5,1,142.0,MNQU5
1H,66.36,51.45,2.272,newyork,bullish,long,1.0,23236.0,loss,-1.0,2025-08-04 14:48:25+00:00,2025-08-04 14:50:38+00:00,23235.0,-2.0,1,133.0,MNQU5
1H,38.12,21.09,5.971,newyork,bearish,long,32.5,23349.0,win,32.5,2025-08-05 13:38:05+00:00,2025-08-05 13:45:54+00:00,23381.5,65.0,1,469.0,MNQU5
1H,38.12,21.09,5.971,newyork,bearish,long,33.0,23348.25,win,33.0,2025-08-05 13:38:06+00:00,2025-08-05 13:45:58+00:00,23381.25,66.0,1,472.0,MNQU5
1H,38.12,21.09,5.971,newyork,bearish,long,32.75,23347.25,win,32.75,2025-08-05 13:38:07+00:00,2025-08-05 13:46:07+00:00,23380.0,65.5,1,480.0,MNQU5
1H,61.45,6.33,4.77,newyork,bullish,short,0.75,23182.25,win,0.75,2025-08-06 13:37:41+00:00,2025-08-06 13:43:05+00:00,23181.5,1.5,1,324.0,MNQU5
1H,61.45,6.33,4.77,newyork,bullish,short,44.25,23195.75,loss,-44.25,2025-08-06 13:51:00+00:00,2025-08-06 13:54:14+00:00,23240.0,-88.5,1,194.0,MNQU5
1H,61.45,6.33,4.77,newyork,bullish,short,43.25,23196.75,loss,-43.25,2025-08-06 13:51:08+00:00,2025-08-06 13:54:14+00:00,23240.0,-86.5,1,186.0,MNQU5
1H,61.45,6.33,4.77,newyork,bullish,short,42.75,23197.25,loss,-42.75,2025-08-06 13:51:13+00:00,2025-08-06 13:54:14+00:00,23240.0,-85.5,1,181.0,MNQU5
1H,61.45,6.33,4.77,newyork,bullish,short,60.75,23232.75,win,60.75,2025-08-06 14:15:25+00:00,2025-08-06 14:24:13+00:00,23172.0,121.5,1,528.0,MNQU5
1H,61.45,6.33,4.77,newyork,bullish,short,0.25,23172.25,win,0.25,2025-08-06 14:24:07+00:00,2025-08-06 14:24:13+00:00,23172.0,0.5,1,6.0,MNQU5
1H,76.52,81.1,4.985,london,bullish,short,17.0,23596.0,loss,-17.0,2025-08-07 12:34:02+00:00,2025-08-07 12:52:12+00:00,23613.0,-34.0,1,1090.0,MNQU5
1H,76.52,81.1,4.985,london,bullish,short,17.0,23596.0,loss,-17.0,2025-08-07 12:34:02+00:00,2025-08-07 12:52:12+00:00,23613.0,-34.0,1,1090.0,MNQU5
1H,76.52,81.1,4.985,london,bullish,short,17.5,23595.5,loss,-17.5,2025-08-07 12:34:10+00:00,2025-08-07 12:52:12+00:00,23613.0,-35.0,1,1082.0,MNQU5
1H,76.52,81.1,4.985,london,bullish,short,15.75,23597.25,loss,-15.75,2025-08-07 12:34:13+00:00,2025-08-07 12:52:12+00:00,23613.0,-31.5,1,1079.0,MNQU5
1H,76.52,81.1,4.985,london,bullish,short,16.0,23597.0,loss,-16.0,2025-08-07 12:35:25+00:00,2025-08-07 12:52:12+00:00,23613.0,-32.0,1,1007.0,MNQU5
1H,76.52,81.1,4.985,london,bullish,short,14.5,23598.5,loss,-14.5,2025-08-07 12:35:25+00:00,2025-08-07 12:52:12+00:00,23613.0,-87.0,3,1007.0,MNQU5
1H,58.11,69.93,5.08,newyork,bearish,long,25.5,23619.5,win,25.5,2025-08-07 13:53:01+00:00,2025-08-07 13:57:24+00:00,23645.0,51.0,1,263.0,MNQU5
1H,58.11,69.93,5.08,newyork,bearish,long,24.0,23621.0,win,24.0,2025-08-07 13:53:11+00:00,2025-08-07 13:57:24+00:00,23645.0,48.0,1,253.0,MNQU5
1H,58.11,69.93,5.08,newyork,bearish,long,23.25,23621.75,win,23.25,2025-08-07 13:53:13+00:00,2025-08-07 13:57:24+00:00,23645.0,46.5,1,251.0,MNQU5
1H,58.11,69.93,5.08,newyork,bearish,short,22.0,23597.0,win,22.0,2025-08-07 14:19:02+00:00,2025-08-07 14:24:46+00:00,23575.0,44.0,1,344.0,MNQU5
1H,58.11,69.93,5.08,newyork,bearish,short,23.0,23598.0,win,23.0,2025-08-07 14:19:02+00:00,2025-08-07 14:24:46+00:00,23575.0,46.0,1,344.0,MNQU5
1H,58.11,69.93,5.08,newyork,bearish,short,23.5,23598.5,win,23.5,2025-08-07 14:19:03+00:00,2025-08-07 14:24:46+00:00,23575.0,47.0,1,343.0,MNQU5
1H,58.11,69.93,5.08,newyork,bearish,short,24.25,23599.25,win,24.25,2025-08-07 14:19:04+00:00,2025-08-07 14:24:46+00:00,23575.0,48.5,1,342.0,MNQU5
1H,58.11,69.93,5.08,newyork,bearish,short,19.0,23594.0,win,19.0,2025-08-07 14:19:09+00:00,2025-08-07 14:24:46+00:00,23575.0,38.0,1,337.0,MNQU5
1H,64.57,30.45,4.872,newyork,bullish,short,1.25,23650.75,win,1.25,2025-08-08 14:13:05+00:00,2025-08-08 14:17:43+00:00,23649.5,2.5,1,278.0,MNQU5
1H,64.57,30.45,4.872,newyork,bullish,short,1.5,23651.0,win,1.5,2025-08-08 14:13:10+00:00,2025-08-08 14:17:43+00:00,23649.5,3.0,1,273.0,MNQU5
1H,64.57,30.45,4.872,newyork,bullish,short,0.75,23650.25,win,0.75,2025-08-08 14:13:12+00:00,2025-08-08 14:17:43+00:00,23649.5,1.5,1,271.0,MNQU5
1H,60.2,11.2,4.256,newyork,bullish,short,12.0,23676.75,win,12.0,2025-08-12 13:57:39+00:00,2025-08-12 13:58:15+00:00,23664.75,24.0,1,36.0,MNQU5
1H,60.2,11.2,4.256,newyork,bullish,long,5.0,23676.5,loss,-5.0,2025-08-12 14:06:08+00:00,2025-08-12 14:06:46+00:00,23671.5,-10.0,1,38.0,MNQU5
1H,60.2,11.2,4.256,newyork,bullish,long,2.0,23745.75,win,2.0,2025-08-12 14:20:37+00:00,2025-08-12 14:23:16+00:00,23747.75,4.0,1,159.0,MNQU5
1H,60.2,11.2,4.256,newyork,bullish,long,3.0,23744.75,win,3.0,2025-08-12 14:20:38+00:00,2025-08-12 14:23:16+00:00,23747.75,6.0,1,158.0,MNQU5
1H,60.2,11.2,4.256,newyork,bullish,long,3.5,23744.25,win,3.5,2025-08-12 14:20:39+00:00,2025-08-12 14:23:16+00:00,23747.75,7.0,1,157.0,MNQU5
1H,60.2,11.2,4.256,newyork,bullish,long,1.75,23744.75,win,1.75,2025-08-12 14:24:16+00:00,2025-08-12 14:25:12+00:00,23746.5,10.5,3,56.0,MNQU5
1H,66.45,29.66,3.381,newyork,bullish,long,15.25,23745.25,win,15.25,2025-08-12 14:34:57+00:00,2025-08-12 14:35:54+00:00,23760.5,30.5,1,57.0,MNQU5
1H,57.36,44.52,5.536,newyork,bearish,short,14.5,23998.5,win,14.5,2025-08-13 14:08:32+00:00,2025-08-13 14:11:05+00:00,23984.0,29.0,1,153.0,MNQU5
1H,57.36,44.52,5.536,newyork,bearish,short,18.0,24002.0,win,18.0,2025-08-13 14:08:44+00:00,2025-08-13 14:11:05+00:00,23984.0,180.0,5,141.0,MNQU5
1H,50.76,-1.07,4.051,newyork,bearish,short,11.25,23977.75,loss,-11.25,2025-08-14 14:42:32+00:00,2025-08-14 14:46:25+00:00,23989.0,-22.5,1,233.0,MNQU5
1H,50.76,-1.07,4.051,newyork,bearish,short,11.0,23978.0,loss,-11.0,2025-08-14 14:42:33+00:00,2025-08-14 14:46:25+00:00,23989.0,-22.0,1,232.0,MNQU5
1H,50.76,-1.07,4.051,newyork,bearish,short,11.75,23977.25,loss,-11.75,2025-08-14 14:42:36+00:00,2025-08-14 14:46:25+00:00,23989.0,-23.5,1,229.0,MNQU5
1H,50.76,-1.07,4.051,newyork,bearish,short,11.0,23978.0,loss,-11.0,2025-08-14 14:42:38+00:00,2025-08-14 14:46:25+00:00,23989.0,-22.0,1,227.0,MNQU5
1H,50.76,-1.07,4.051,newyork,bearish,short,10.0,23979.0,loss,-10.0,2025-08-14 14:42:43+00:00,2025-08-14 14:46:25+00:00,23989.0,-20.0,1,222.0,MNQU5
1H,50.76,-1.07,4.051,newyork,bearish,short,10.0,23979.0,loss,-10.0,2025-08-14 14:42:47+00:00,2025-08-14 14:46:25+00:00,23989.0,-20.0,1,218.0,MNQU5
1H,50.76,-1.07,4.051,newyork,bearish,short,9.5,23979.5,loss,-9.5,2025-08-14 14:42:47+00:00,2025-08-14 14:46:25+00:00,23989.0,-19.0,1,218.0,MNQU5
1H,50.76,-1.07,4.051,newyork,bearish,short,17.0,23978.75,win,17.0,2025-08-14 14:54:05+00:00,2025-08-14 14:57:40+00:00,23961.75,34.0,1,215.0,MNQU5
1H,50.76,-1.07,4.051,newyork,bearish,short,28.75,23979.5,win,28.75,2025-08-14 14:54:06+00:00,2025-08-14 14:57:57+00:00,23950.75,57.5,1,231.0,MNQU5
1H,50.76,-1.07,4.051,newyork,bearish,short,36.25,23977.25,win,36.25,2025-08-14 14:55:14+00:00,2025-08-14 14:58:12+00:00,23941.0,72.5,1,178.0,MNQU5
1H,31.31,-31.24,3.395,newyork,bearish,long,20.25,23849.0,loss,-20.25,2025-08-15 14:36:01+00:00,2025-08-15 14:42:00+00:00,23828.75,-40.5,1,359.0,MNQU5
1H,31.31,-31.24,3.395,newyork,bearish,long,20.75,23849.5,loss,-20.75,2025-08-15 14:36:01+00:00,2025-08-15 14:42:00+00:00,23828.75,-41.5,1,359.0,MNQU5
1H,31.31,-31.24,3.395,newyork,bearish,long,21.75,23850.5,loss,-21.75,2025-08-15 14:36:03+00:00,2025-08-15 14:42:00+00:00,23828.75,-43.5,1,357.0,MNQU5
1H,31.31,-31.24,3.395,newyork,bearish,long,21.0,23849.75,loss,-21.0,2025-08-15 14:36:04+00:00,2025-08-15 14:42:00+00:00,23828.75,-42.0,1,356.0,MNQU5
1H,31.31,-31.24,3.395,newyork,bearish,long,20.0,23848.75,loss,-20.0,2025-08-15 14:36:04+00:00,2025-08-15 14:42:00+00:00,23828.75,-40.0,1,356.0,MNQU5
1H,31.31,-31.24,3.395,newyork,bearish,short,37.75,23808.5,win,37.75,2025-08-15 14:54:58+00:00,2025-08-15 15:40:49+00:00,23770.75,75.5,1,2751.0,MNQU5
1H,31.31,-31.24,3.395,newyork,bearish,short,38.0,23808.75,win,38.0,2025-08-15 14:54:59+00:00,2025-08-15 15:40:49+00:00,23770.75,76.0,1,2750.0,MNQU5
1H,31.31,-31.24,3.395,newyork,bearish,short,38.25,23809.0,win,38.25,2025-08-15 14:54:59+00:00,2025-08-15 15:40:49+00:00,23770.75,76.5,1,2750.0,MNQU5
1H,41.4,-27.41,5.04,newyork,bullish,short,22.75,23796.5,win,22.75,2025-08-18 13:39:01+00:00,2025-08-18 13:42:32+00:00,23773.75,45.5,1,211.0,MNQU5
1H,41.4,-27.41,5.04,newyork,bullish,short,21.25,23795.0,win,21.25,2025-08-18 13:39:02+00:00,2025-08-18 13:42:32+00:00,23773.75,42.5,1,210.0,MNQU5
1H,41.4,-27.41,5.04,newyork,bullish,short,22.75,23796.5,win,22.75,2025-08-18 13:39:05+00:00,2025-08-18 13:42:32+00:00,23773.75,45.5,1,207.0,MNQU5
1H,41.4,-27.41,5.04,newyork,bullish,short,21.25,23796.0,win,21.25,2025-08-18 13:39:09+00:00,2025-08-18 13:42:41+00:00,23774.75,42.5,1,212.0,MNQU5
1H,41.4,-27.41,5.04,newyork,bullish,short,21.75,23796.5,win,21.75,2025-08-18 13:39:09+00:00,2025-08-18 13:42:41+00:00,23774.75,43.5,1,212.0,MNQU5
1H,21.18,-38.43,6.339,newyork,bearish,short,26.75,23700.25,win,26.75,2025-08-19 14:20:01+00:00,2025-08-19 14:26:52+00:00,23673.5,53.5,1,411.0,MNQU5
1H,21.18,-38.43,6.339,newyork,bearish,short,26.5,23700.0,win,26.5,2025-08-19 14:20:02+00:00,2025-08-19 14:26:52+00:00,23673.5,53.0,1,410.0,MNQU5
1H,21.18,-38.43,6.339,newyork,bearish,short,26.5,23700.0,win,26.5,2025-08-19 14:20:02+00:00,2025-08-19 14:26:52+00:00,23673.5,53.0,1,410.0,MNQU5
1H,21.18,-38.43,6.339,newyork,bearish,short,29.5,23703.0,win,29.5,2025-08-19 14:20:11+00:00,2025-08-19 14:26:52+00:00,23673.5,59.0,1,401.0,MNQU5
1H,47.18,-26.74,4.296,newyork,bullish,short,0.5,23206.5,win,0.5,2025-08-21 13:57:53+00:00,2025-08-21 13:58:13+00:00,23206.0,1.0,1,20.0,MNQU5
1H,47.18,-26.74,4.296,newyork,bullish,long,25.0,23262.0,win,25.0,2025-08-21 14:07:37+00:00,2025-08-21 14:16:21+00:00,23287.0,50.0,1,524.0,MNQU5
1H,62.24,20.77,4.446,newyork,bullish,long,3.25,23481.5,loss,-3.25,2025-08-25 13:35:04+00:00,2025-08-25 13:35:22+00:00,23478.25,-6.5,1,18.0,MNQU5
1H,62.24,20.77,4.446,newyork,bullish,long,0.75,23479.0,loss,-0.75,2025-08-25 13:35:06+00:00,2025-08-25 13:35:22+00:00,23478.25,-1.5,1,16.0,MNQU5
1H,62.24,20.77,4.446,newyork,bullish,short,5.75,23480.75,win,5.75,2025-08-25 13:42:00+00:00,2025-08-25 13:44:33+00:00,23475.0,11.5,1,153.0,MNQU5
1H,62.24,20.77,4.446,newyork,bullish,short,19.25,23481.0,win,19.25,2025-08-25 13:42:00+00:00,2025-08-25 13:45:25+00:00,23461.75,38.5,1,205.0,MNQU5
1H,62.24,20.77,4.446,newyork,bullish,short,21.0,23480.25,win,21.0,2025-08-25 13:42:00+00:00,2025-08-25 13:45:29+00:00,23459.25,42.0,1,209.0,MNQU5
1H,62.24,20.77,4.446,newyork,bullish,short,25.0,23480.25,win,25.0,2025-08-25 13:42:01+00:00,2025-08-25 13:45:50+00:00,23455.25,50.0,1,229.0,MNQU5
1H,62.24,20.77,4.446,newyork,bullish,short,29.0,23480.5,win,29.0,2025-08-25 13:42:01+00:00,2025-08-25 13:45:59+00:00,23451.5,58.0,1,238.0,MNQU5
1H,57.45,0.93,4.19,newyork,bullish,short,32.5,23494.0,loss,-32.5,2025-08-26 14:12:01+00:00,2025-08-26 14:18:49+00:00,23526.5,-65.0,1,408.0,MNQU5
1H,57.45,0.93,4.19,newyork,bullish,short,28.5,23498.0,loss,-28.5,2025-08-26 14:12:22+00:00,2025-08-26 14:18:49+00:00,23526.5,-57.0,1,387.0,MNQU5
1H,57.45,0.93,4.19,newyork,bullish,short,27.25,23499.25,loss,-27.25,2025-08-26 14:12:23+00:00,2025-08-26 14:18:49+00:00,23526.5,-54.5,1,386.0,MNQU5
1H,57.45,0.93,4.19,newyork,bullish,short,24.75,23501.75,loss,-24.75,2025-08-26 14:14:07+00:00,2025-08-26 14:18:49+00:00,23526.5,-49.5,1,282.0,MNQU5
1H,56.49,4.47,2.434,newyork,bearish,short,19.5,23530.0,loss,-19.5,2025-08-26 14:40:42+00:00,2025-08-26 14:45:01+00:00,23549.5,-195.0,5,259.0,MNQU5
1H,67.61,24.49,4.302,newyork,bullish,long,22.75,23607.25,win,22.75,2025-08-28 14:00:00+00:00,2025-08-28 14:03:23+00:00,23630.0,45.5,1,203.0,MNQU5
1H,67.61,24.49,4.302,newyork,bullish,long,19.5,23607.75,win,19.5,2025-08-28 14:00:00+00:00,2025-08-28 14:03:32+00:00,23627.25,39.0,1,212.0,MNQU5
1H,67.61,24.49,4.302,newyork,bullish,long,23.25,23607.0,win,23.25,2025-08-28 14:00:07+00:00,2025-08-28 14:03:38+00:00,23630.25,46.5,1,211.0,MNQU5
1H,67.61,24.49,4.302,newyork,bullish,long,1.25,23606.5,win,1.25,2025-08-28 14:00:07+00:00,2025-08-28 14:04:39+00:00,23607.75,2.5,1,272.0,MNQU5
1H,24.07,-45.93,6.559,newyork,bearish,long,0.5,23551.5,win,0.5,2025-08-29 13:51:35+00:00,2025-08-29 13:54:29+00:00,23552.0,5.0,5,174.0,MNQU5
1H,24.07,-45.93,6.559,newyork,bearish,long,24.0,23456.25,loss,-24.0,2025-08-29 14:14:25+00:00,2025-08-29 14:15:50+00:00,23432.25,-144.0,3,85.0,MNQU5
1H,24.07,-45.93,6.559,newyork,bearish,long,19.25,23451.5,loss,-19.25,2025-08-29 14:14:43+00:00,2025-08-29 14:15:50+00:00,23432.25,-38.5,1,67.0,MNQU5
1H,24.07,-45.93,6.559,newyork,bearish,long,27.75,23453.25,win,27.75,2025-08-29 14:19:02+00:00,2025-08-29 14:20:22+00:00,23481.0,166.5,3,80.0,MNQU5
1H,23.85,-60.0,2.681,newyork,bearish,long,14.75,23468.0,win,14.75,2025-08-29 15:20:02+00:00,2025-08-29 15:22:49+00:00,23482.75,29.5,1,167.0,MNQU5
1H,23.85,-60.0,2.681,newyork,bearish,long,13.0,23469.75,win,13.0,2025-08-29 15:20:02+00:00,2025-08-29 15:22:49+00:00,23482.75,26.0,1,167.0,MNQU5
1H,23.85,-60.0,2.681,newyork,bearish,long,12.25,23470.5,win,12.25,2025-08-29 15:20:03+00:00,2025-08-29 15:22:49+00:00,23482.75,24.5,1,166.0,MNQU5
1H,23.85,-60.0,2.681,newyork,bearish,long,11.0,23471.75,win,11.0,2025-08-29 15:20:04+00:00,2025-08-29 15:22:49+00:00,23482.75,22.0,1,165.0,MNQU5
1H,23.85,-60.0,2.681,newyork,bearish,long,7.5,23475.25,win,7.5,2025-08-29 15:20:09+00:00,2025-08-29 15:22:49+00:00,23482.75,15.0,1,160.0,MNQU5
1H,23.85,-60.0,2.681,newyork,bearish,long,9.0,23473.75,win,9.0,2025-08-29 15:20:17+00:00,2025-08-29 15:22:49+00:00,23482.75,18.0,1,152.0,MNQU5
1H,32.34,-105.15,4.362,newyork,bearish,long,14.25,23206.5,win,14.25,2025-09-02 14:17:05+00:00,2025-09-02 14:17:32+00:00,23220.75,28.5,1,27.0,MNQU5
1H,32.34,-105.15,4.362,newyork,bearish,long,12.25,23208.5,win,12.25,2025-09-02 14:17:06+00:00,2025-09-02 14:17:32+00:00,23220.75,24.5,1,26.0,MNQU5
1H,32.34,-105.15,4.362,newyork,bearish,long,11.25,23209.5,win,11.25,2025-09-02 14:17:07+00:00,2025-09-02 14:17:32+00:00,23220.75,22.5,1,25.0,MNQU5
1H,32.34,-105.15,4.362,newyork,bearish,long,13.75,23207.0,win,13.75,2025-09-02 14:17:08+00:00,2025-09-02 14:17:32+00:00,23220.75,27.5,1,24.0,MNQU5
1H,63.62,39.15,4.524,newyork,bullish,short,25.5,23411.25,loss,-25.5,2025-09-03 14:15:47+00:00,2025-09-03 14:18:49+00:00,23436.75,-102.0,2,182.0,MNQU5
1H,59.25,22.73,4.939,newyork,bullish,long,31.0,23445.25,win,31.0,2025-09-04 14:22:19+00:00,2025-09-04 14:24:45+00:00,23476.25,186.0,3,146.0,MNQU5
1H,56.93,34.82,2.896,newyork,bearish,long,5.25,23867.75,loss,-5.25,2025-09-08 15:41:34+00:00,2025-09-08 15:42:17+00:00,23862.5,-10.5,1,43.0,MNQU5
1H,56.93,34.82,2.896,newyork,bearish,long,5.25,23867.75,loss,-5.25,2025-09-08 15:41:34+00:00,2025-09-08 15:42:17+00:00,23862.5,-10.5,1,43.0,MNQU5
1H,56.93,34.82,2.896,newyork,bearish,long,4.25,23866.75,loss,-4.25,2025-09-08 15:41:36+00:00,2025-09-08 15:42:17+00:00,23862.5,-8.5,1,41.0,MNQU5
1H,56.93,34.82,2.896,newyork,bearish,long,4.5,23867.0,loss,-4.5,2025-09-08 15:41:42+00:00,2025-09-08 15:42:17+00:00,23862.5,-9.0,1,35.0,MNQU5
1H,42.55,-0.01,3.182,newyork,bearish,short,15.25,23749.25,loss,-15.25,2025-09-09 14:50:38+00:00,2025-09-09 14:52:18+00:00,23764.5,-30.5,1,100.0,MNQU5
1H,42.55,-0.01,3.182,newyork,bearish,short,14.75,23749.75,loss,-14.75,2025-09-09 14:50:40+00:00,2025-09-09 14:52:18+00:00,23764.5,-29.5,1,98.0,MNQU5
1H,42.55,-0.01,3.182,newyork,bearish,short,16.0,23748.5,loss,-16.0,2025-09-09 14:50:41+00:00,2025-09-09 14:52:18+00:00,23764.5,-32.0,1,97.0,MNQU5
1H,42.55,-0.01,3.182,newyork,bearish,short,17.25,23747.25,loss,-17.25,2025-09-09 14:50:43+00:00,2025-09-09 14:52:18+00:00,23764.5,-34.5,1,95.0,MNQU5
1H,68.17,22.33,4.554,newyork,bullish,long,10.0,23967.25,win,10.0,2025-09-11 13:55:13+00:00,2025-09-11 13:59:56+00:00,23977.25,40.0,2,283.0,MNQU5
1H,75.06,23.43,5.077,newyork,bullish,long,19.0,24048.5,win,19.0,2025-09-12 14:18:04+00:00,2025-09-12 14:21:24+00:00,24067.5,38.0,1,200.0,MNQU5
1H,75.06,23.43,5.077,newyork,bullish,long,18.5,24049.0,win,18.5,2025-09-12 14:18:04+00:00,2025-09-12 14:21:24+00:00,24067.5,37.0,1,200.0,MNQU5
1H,75.06,23.43,5.077,newyork,bullish,long,18.25,24049.25,win,18.25,2025-09-12 14:18:04+00:00,2025-09-12 14:21:24+00:00,24067.5,36.5,1,200.0,MNQU5
1H,75.06,23.43,5.077,newyork,bullish,long,19.0,24048.5,win,19.0,2025-09-12 14:18:05+00:00,2025-09-12 14:21:24+00:00,24067.5,38.0,1,199.0,MNQU5
1H,75.06,23.43,5.077,newyork,bullish,long,20.75,24046.75,win,20.75,2025-09-12 14:18:11+00:00,2025-09-12 14:21:24+00:00,24067.5,41.5,1,193.0,MNQU5
1H,57.05,76.19,4.495,newyork,bearish,long,0.5,24544.25,win,0.5,2025-09-16 14:16:39+00:00,2025-09-16 14:20:07+00:00,24544.75,1.0,1,208.0,MNQZ5
1H,57.05,76.19,4.495,newyork,bearish,long,1.0,24543.75,win,1.0,2025-09-16 14:16:40+00:00,2025-09-16 14:20:07+00:00,24544.75,2.0,1,207.0,MNQZ5
1H,57.05,76.19,4.495,newyork,bearish,long,0.5,24544.25,win,0.5,2025-09-16 14:16:41+00:00,2025-09-16 14:20:07+00:00,24544.75,1.0,1,206.0,MNQZ5
1H,59.8,20.42,4.117,newyork,bearish,long,27.5,24766.0,win,27.5,2025-09-19 13:45:04+00:00,2025-09-19 13:50:49+00:00,24793.5,55.0,1,345.0,MNQZ5
1H,59.8,20.42,4.117,newyork,bearish,long,27.5,24766.0,win,27.5,2025-09-19 13:45:05+00:00,2025-09-19 13:50:49+00:00,24793.5,55.0,1,344.0,MNQZ5
1H,59.8,20.42,4.117,newyork,bearish,long,27.75,24765.75,win,27.75,2025-09-19 13:45:05+00:00,2025-09-19 13:50:49+00:00,24793.5,55.5,1,344.0,MNQZ5
1H,59.8,20.42,4.117,newyork,bearish,long,28.75,24764.75,win,28.75,2025-09-19 13:45:07+00:00,2025-09-19 13:50:49+00:00,24793.5,57.5,1,342.0,MNQZ5
1H,47.86,12.23,4.746,newyork,bullish,long,3.25,24956.25,loss,-3.25,2025-09-23 14:06:04+00:00,2025-09-23 14:17:21+00:00,24953.0,-6.5,1,677.0,MNQZ5
1H,47.86,12.23,4.746,newyork,bullish,long,0.5,24952.5,win,0.5,2025-09-23 14:06:52+00:00,2025-09-23 14:17:21+00:00,24953.0,3.0,3,629.0,MNQZ5
1H,32.52,-16.12,3.939,newyork,bearish,short,1.0,24816.25,win,1.0,2025-09-24 14:07:03+00:00,2025-09-24 14:35:38+00:00,24815.25,2.0,1,1715.0,MNQZ5
1H,32.52,-16.12,3.939,newyork,bearish,short,0.5,24815.75,win,0.5,2025-09-24 14:07:05+00:00,2025-09-24 14:35:38+00:00,24815.25,1.0,1,1713.0,MNQZ5
1H,32.52,-16.12,3.939,newyork,bearish,short,0.5,24815.75,win,0.5,2025-09-24 14:07:05+00:00,2025-09-24 14:35:38+00:00,24815.25,1.0,1,1713.0,MNQZ5
1H,32.52,-16.12,3.939,newyork,bearish,short,2.0,24817.25,win,2.0,2025-09-24 14:07:10+00:00,2025-09-24 14:35:38+00:00,24815.25,4.0,1,1708.0,MNQZ5
1H,32.52,-16.12,3.939,newyork,bearish,short,0.75,24816.0,win,0.75,2025-09-24 14:07:11+00:00,2025-09-24 14:35:38+00:00,24815.25,1.5,1,1707.0,MNQZ5
1H,42.54,-2.79,5.39,newyork,bearish,long,9.5,24680.75,win,9.5,2025-09-26 13:36:25+00:00,2025-09-26 13:40:38+00:00,24690.25,76.0,4,253.0,MNQZ5
1H,62.23,4.79,3.908,newyork,bullish,long,17.0,24821.75,loss,-17.0,2025-10-01 13:45:19+00:00,2025-10-01 13:46:15+00:00,24804.75,-170.0,5,56.0,MNQZ5
1H,62.23,4.79,3.908,newyork,bullish,long,13.75,24818.5,loss,-13.75,2025-10-01 13:45:30+00:00,2025-10-01 13:46:15+00:00,24804.75,-27.5,1,45.0,MNQZ5
1H,62.23,4.79,3.908,newyork,bullish,long,13.25,24818.0,loss,-13.25,2025-10-01 13:45:32+00:00,2025-10-01 13:46:15+00:00,24804.75,-26.5,1,43.0,MNQZ5
1H,49.08,6.55,5.829,newyork,bullish,long,15.25,25081.0,win,15.25,2025-10-03 14:13:06+00:00,2025-10-03 14:16:30+00:00,25096.25,30.5,1,204.0,MNQZ5
1H,49.08,6.55,5.829,newyork,bullish,long,17.75,25079.25,win,17.75,2025-10-03 14:13:07+00:00,2025-10-03 14:16:30+00:00,25097.0,35.5,1,203.0,MNQZ5
1H,49.08,6.55,5.829,newyork,bullish,long,0.75,25079.25,win,0.75,2025-10-03 14:13:10+00:00,2025-10-03 14:18:26+00:00,25080.0,1.5,1,316.0,MNQZ5
1H,49.08,6.55,5.829,newyork,bullish,long,1.5,25078.5,win,1.5,2025-10-03 14:13:10+00:00,2025-10-03 14:18:26+00:00,25080.0,3.0,1,316.0,MNQZ5
1H,55.3,19.77,2.109,newyork,bearish,short,16.75,25158.5,loss,-16.75,2025-10-06 14:02:52+00:00,2025-10-06 14:04:40+00:00,25175.25,-167.5,5,108.0,MNQZ5
1H,55.3,19.77,2.109,newyork,bearish,short,24.25,25169.5,win,24.25,2025-10-06 14:06:40+00:00,2025-10-06 14:10:05+00:00,25145.25,48.5,1,205.0,MNQZ5
1H,55.3,19.77,2.109,newyork,bearish,short,24.0,25169.25,win,24.0,2025-10-06 14:06:41+00:00,2025-10-06 14:10:05+00:00,25145.25,48.0,1,204.0,MNQZ5
1H,55.3,19.77,2.109,newyork,bearish,short,25.0,25170.25,win,25.0,2025-10-06 14:06:43+00:00,2025-10-06 14:10:05+00:00,25145.25,50.0,1,202.0,MNQZ5
1H,55.3,19.77,2.109,newyork,bearish,short,19.25,25164.5,win,19.25,2025-10-06 14:06:49+00:00,2025-10-06 14:10:05+00:00,25145.25,38.5,1,196.0,MNQZ5
1H,55.3,19.77,2.109,newyork,bearish,short,25.5,25170.75,win,25.5,2025-10-06 14:06:52+00:00,2025-10-06 14:10:05+00:00,25145.25,51.0,1,193.0,MNQZ5
1H,63.58,12.95,5.22,newyork,bullish,short,0.0,25129.5,loss,0.0,2025-10-08 13:42:03+00:00,2025-10-08 13:44:56+00:00,25129.5,0.0,1,173.0,MNQZ5
1H,63.58,12.95,5.22,newyork,bullish,short,0.25,25129.25,loss,-0.25,2025-10-08 13:42:05+00:00,2025-10-08 13:44:56+00:00,25129.5,-0.5,1,171.0,MNQZ5
1H,63.58,12.95,5.22,newyork,bullish,short,0.25,25129.75,win,0.25,2025-10-08 13:42:19+00:00,2025-10-08 13:44:56+00:00,25129.5,0.5,1,157.0,MNQZ5
1H,63.58,12.95,5.22,newyork,bullish,short,0.5,25130.0,win,0.5,2025-10-08 13:42:23+00:00,2025-10-08 13:44:56+00:00,25129.5,1.0,1,153.0,MNQZ5
1H,39.75,-6.04,5.632,newyork,bearish,long,1.0,25338.5,win,1.0,2025-10-10 14:28:07+00:00,2025-10-10 14:50:25+00:00,25339.5,2.0,1,1338.0,MNQZ5
1H,39.75,-6.04,5.632,newyork,bearish,long,0.0,25339.5,loss,0.0,2025-10-10 14:28:08+00:00,2025-10-10 14:50:25+00:00,25339.5,0.0,1,1337.0,MNQZ5
1H,39.75,-6.04,5.632,newyork,bearish,long,0.25,25339.75,loss,-0.25,2025-10-10 14:28:09+00:00,2025-10-10 14:50:25+00:00,25339.5,-0.5,1,1336.0,MNQZ5
1H,71.81,71.98,3.839,newyork,bullish,long,32.0,24959.25,loss,-32.0,2025-10-15 13:42:07+00:00,2025-10-15 13:44:11+00:00,24927.25,-64.0,1,124.0,MNQZ5
1H,71.81,71.98,3.839,newyork,bullish,long,32.75,24960.0,loss,-32.75,2025-10-15 13:42:08+00:00,2025-10-15 13:44:11+00:00,24927.25,-65.5,1,123.0,MNQZ5
1H,71.81,71.98,3.839,newyork,bullish,long,34.75,24962.0,loss,-34.75,2025-10-15 13:42:21+00:00,2025-10-15 13:44:11+00:00,24927.25,-69.5,1,110.0,MNQZ5
1H,71.81,71.98,3.839,newyork,bullish,long,33.25,24960.5,loss,-33.25,2025-10-15 13:42:21+00:00,2025-10-15 13:44:11+00:00,24927.25,-66.5,1,110.0,MNQZ5
1H,66.28,46.15,5.021,newyork,bullish,short,0.25,25074.75,win,0.25,2025-10-16 13:48:07+00:00,2025-10-16 13:55:04+00:00,25074.5,0.5,1,417.0,MNQZ5
1H,66.28,46.15,5.021,newyork,bullish,short,1.25,25075.75,win,1.25,2025-10-16 13:48:07+00:00,2025-10-16 13:55:04+00:00,25074.5,2.5,1,417.0,MNQZ5
1H,56.68,-11.42,3.222,newyork,bullish,short,24.25,24846.75,win,24.25,2025-10-17 14:35:14+00:00,2025-10-17 14:38:11+00:00,24822.5,48.5,1,177.0,MNQZ5
1H,57.4,15.21,5.121,newyork,bullish,short,6.75,25267.0,win,6.75,2025-10-21 14:24:06+00:00,2025-10-21 14:26:13+00:00,25260.25,13.5,1,127.0,MNQZ5
1H,57.4,15.21,5.121,newyork,bullish,short,7.25,25267.5,win,7.25,2025-10-21 14:24:07+00:00,2025-10-21 14:26:13+00:00,25260.25,14.5,1,126.0,MNQZ5
1H,57.4,15.21,5.121,newyork,bullish,short,7.5,25267.75,win,7.5,2025-10-21 14:24:09+00:00,2025-10-21 14:26:13+00:00,25260.25,15.0,1,124.0,MNQZ5
1H,57.4,15.21,5.121,newyork,bullish,short,7.5,25267.75,win,7.5,2025-10-21 14:24:12+00:00,2025-10-21 14:26:13+00:00,25260.25,15.0,1,121.0,MNQZ5
1H,57.4,15.21,5.121,newyork,bullish,short,8.25,25268.5,win,8.25,2025-10-21 14:24:16+00:00,2025-10-21 14:26:13+00:00,25260.25,16.5,1,117.0,MNQZ5
1H,57.4,15.21,5.121,newyork,bullish,short,9.5,25269.75,win,9.5,2025-10-21 14:24:18+00:00,2025-10-21 14:26:13+00:00,25260.25,19.0,1,115.0,MNQZ5
1H,71.08,69.75,5.028,newyork,bearish,long,23.5,25498.75,win,23.5,2025-10-24 13:36:32+00:00,2025-10-24 13:37:06+00:00,25522.25,47.0,1,34.0,MNQZ5
1H,76.14,46.78,2.477,newyork,bullish,long,18.5,26042.25,loss,-18.5,2025-10-28 14:38:12+00:00,2025-10-28 14:40:24+00:00,26023.75,-37.0,1,132.0,MNQZ5
1H,76.14,46.78,2.477,newyork,bullish,long,18.25,26042.0,loss,-18.25,2025-10-28 14:38:13+00:00,2025-10-28 14:40:24+00:00,26023.75,-36.5,1,131.0,MNQZ5
1H,76.14,46.78,2.477,newyork,bullish,long,18.0,26041.75,loss,-18.0,2025-10-28 14:39:02+00:00,2025-10-28 14:40:24+00:00,26023.75,-36.0,1,82.0,MNQZ5
1H,36.38,-42.79,3.643,newyork,bearish,short,0.25,26126.5,loss,-0.25,2025-10-30 14:02:30+00:00,2025-10-30 14:04:12+00:00,26126.75,-0.5,1,102.0,MNQZ5
1H,36.38,-42.79,3.643,newyork,bearish,short,1.75,26128.5,win,1.75,2025-10-30 14:02:31+00:00,2025-10-30 14:04:12+00:00,26126.75,3.5,1,101.0,MNQZ5
1H,50.03,6.39,3.92,newyork,bullish,long,15.25,26089.75,win,15.25,2025-10-31 14:06:06+00:00,2025-10-31 14:07:16+00:00,26105.0,30.5,1,70.0,MNQZ5
1H,50.03,6.39,3.92,newyork,bullish,long,16.5,26088.5,win,16.5,2025-10-31 14:06:07+00:00,2025-10-31 14:07:16+00:00,26105.0,33.0,1,69.0,MNQZ5
1H,50.03,6.39,3.92,newyork,bullish,long,18.25,26086.75,win,18.25,2025-10-31 14:06:19+00:00,2025-10-31 14:07:16+00:00,26105.0,36.5,1,57.0,MNQZ5
1H,47.68,12.76,4.805,newyork,bearish,long,24.0,26125.25,loss,-24.0,2025-11-03 15:04:01+00:00,2025-11-03 15:05:57+00:00,26101.25,-192.0,4,116.0,MNQZ5
1H,47.68,12.76,4.805,newyork,bearish,long,0.5,26128.25,loss,-0.5,2025-11-03 15:10:06+00:00,2025-11-03 15:10:10+00:00,26127.75,-4.0,4,4.0,MNQZ5
1H,47.68,12.76,4.805,newyork,bearish,long,0.75,26126.0,win,0.75,2025-11-03 15:10:15+00:00,2025-11-03 15:14:49+00:00,26126.75,1.5,1,274.0,MNQZ5
1H,51.09,11.31,2.72,newyork,bullish,long,0.25,26085.75,win,0.25,2025-11-03 15:54:02+00:00,2025-11-03 15:59:45+00:00,26086.0,1.0,2,343.0,MNQZ5
1H,51.09,11.31,2.72,newyork,bullish,long,25.75,26085.75,win,25.75,2025-11-03 15:54:02+00:00,2025-11-03 15:59:01+00:00,26111.5,51.5,1,299.0,MNQZ5
1H,51.09,11.31,2.72,newyork,bullish,long,1.0,26085.75,win,1.0,2025-11-03 15:54:02+00:00,2025-11-03 15:56:15+00:00,26086.75,2.0,1,133.0,MNQZ5
1H,57.78,-0.16,3.814,newyork,bullish,short,1.5,25544.0,win,1.5,2025-11-05 14:31:34+00:00,2025-11-05 14:32:11+00:00,25542.5,3.0,1,37.0,MNQZ5
1H,57.78,-0.16,3.814,newyork,bullish,short,0.75,25543.25,win,0.75,2025-11-05 14:31:35+00:00,2025-11-05 14:32:11+00:00,25542.5,1.5,1,36.0,MNQZ5
1H,57.78,-0.16,3.814,newyork,bullish,short,1.0,25541.5,loss,-1.0,2025-11-05 14:31:35+00:00,2025-11-05 14:32:11+00:00,25542.5,-2.0,1,36.0,MNQZ5
1H,60.71,20.62,2.66,newyork,bullish,short,29.75,25687.25,loss,-29.75,2025-11-05 15:30:00+00:00,2025-11-05 15:41:15+00:00,25717.0,-59.5,1,675.0,MNQZ5
1H,60.71,20.62,2.66,newyork,bullish,short,32.5,25684.5,loss,-32.5,2025-11-05 15:30:01+00:00,2025-11-05 15:41:15+00:00,25717.0,-65.0,1,674.0,MNQZ5
1H,60.71,20.62,2.66,newyork,bullish,short,30.5,25686.5,loss,-30.5,2025-11-05 15:30:05+00:00,2025-11-05 15:41:15+00:00,25717.0,-61.0,1,670.0,MNQZ5
1H,27.76,-45.31,6.547,newyork,bearish,long,3.0,25642.75,loss,-3.0,2025-11-06 14:46:03+00:00,2025-11-06 14:49:39+00:00,25639.75,-6.0,1,216.0,MNQZ5
1H,27.76,-45.31,6.547,newyork,bearish,long,1.25,25641.0,loss,-1.25,2025-11-06 14:46:06+00:00,2025-11-06 14:49:39+00:00,25639.75,-2.5,1,213.0,MNQZ5
1H,27.76,-45.31,6.547,newyork,bearish,long,5.0,25634.75,win,5.0,2025-11-06 14:46:18+00:00,2025-11-06 14:49:39+00:00,25639.75,10.0,1,201.0,MNQZ5
1H,27.76,-45.31,6.547,newyork,bearish,short,0.75,25438.0,loss,-0.75,2025-11-06 15:13:00+00:00,2025-11-06 15:13:43+00:00,25438.75,-1.5,1,43.0,MNQZ5
1H,27.76,-45.31,6.547,newyork,bearish,short,2.0,25439.0,win,2.0,2025-11-06 15:13:00+00:00,2025-11-06 15:13:44+00:00,25437.0,4.0,1,44.0,MNQZ5
1H,27.76,-45.31,6.547,newyork,bearish,short,2.25,25439.75,loss,-2.25,2025-11-06 15:13:01+00:00,2025-11-06 15:13:49+00:00,25442.0,-4.5,1,48.0,MNQZ5
1H,27.76,-45.31,6.547,newyork,bearish,short,28.5,25441.25,win,28.5,2025-11-06 15:13:01+00:00,2025-11-06 15:15:10+00:00,25412.75,57.0,1,129.0,MNQZ5
1H,27.76,-45.31,6.547,newyork,bearish,short,31.75,25444.5,win,31.75,2025-11-06 15:13:48+00:00,2025-11-06 15:15:10+00:00,25412.75,63.5,1,82.0,MNQZ5
1H,20.65,-128.06,5.433,newyork,bearish,long,30.0,25003.5,win,30.0,2025-11-07 15:13:27+00:00,2025-11-07 15:15:51+00:00,25033.5,60.0,1,144.0,MNQZ5
1H,24.51,-78.41,5.589,newyork,bearish,short,69.0,25331.0,loss,-69.0,2025-11-13 15:04:59+00:00,2025-11-13 15:07:53+00:00,25400.0,-138.0,1,174.0,MNQZ5
1H,24.51,-78.41,5.589,newyork,bearish,short,57.5,25342.5,loss,-57.5,2025-11-13 15:05:33+00:00,2025-11-13 15:07:53+00:00,25400.0,-115.0,1,140.0,MNQZ5
1H,24.51,-78.41,5.589,newyork,bearish,short,64.0,25387.25,win,64.0,2025-11-13 15:23:15+00:00,2025-11-13 15:34:33+00:00,25323.25,128.0,1,678.0,MNQZ5
1H,24.51,-78.41,5.589,newyork,bearish,short,105.25,25404.5,win,105.25,2025-11-13 15:25:06+00:00,2025-11-13 15:37:44+00:00,25299.25,210.5,1,758.0,MNQZ5
1H,52.51,-95.76,4.68,newyork,bullish,short,61.75,24908.0,loss,-61.75,2025-11-14 15:05:11+00:00,2025-11-14 15:06:52+00:00,24969.75,-123.5,1,101.0,MNQZ5
1H,52.51,-95.76,4.68,newyork,bullish,short,62.5,24907.25,loss,-62.5,2025-11-14 15:05:12+00:00,2025-11-14 15:06:52+00:00,24969.75,-125.0,1,100.0,MNQZ5
1H,52.51,-95.76,4.68,newyork,bullish,short,1.25,24925.0,loss,-1.25,2025-11-14 15:08:11+00:00,2025-11-14 15:15:26+00:00,24926.25,-2.5,1,435.0,MNQZ5
1H,52.51,-95.76,4.68,newyork,bullish,short,0.75,24927.0,win,0.75,2025-11-14 15:08:17+00:00,2025-11-14 15:15:26+00:00,24926.25,1.5,1,429.0,MNQZ5
1H,57.47,-54.53,2.644,newyork,bullish,short,0.5,25091.75,win,0.5,2025-11-14 16:04:45+00:00,2025-11-14 16:06:28+00:00,25091.25,1.0,1,103.0,MNQZ5
1H,57.47,-54.53,2.644,newyork,bullish,short,44.5,25094.0,loss,-44.5,2025-11-14 16:08:42+00:00,2025-11-14 16:16:46+00:00,25138.5,-178.0,2,484.0,MNQZ5
1H,43.62,-10.21,4.513,newyork,bearish,short,1.5,25162.75,loss,-1.5,2025-11-17 14:44:31+00:00,2025-11-17 14:44:39+00:00,25164.25,-3.0,1,8.0,MNQZ5
1H,43.62,-10.21,4.513,newyork,bearish,short,45.0,25153.75,loss,-45.0,2025-11-17 14:45:02+00:00,2025-11-17 14:46:19+00:00,25198.75,-90.0,1,77.0,MNQZ5
1H,43.62,-10.21,4.513,newyork,bearish,short,44.5,25154.25,loss,-44.5,2025-11-17 14:45:03+00:00,2025-11-17 14:46:19+00:00,25198.75,-89.0,1,76.0,MNQZ5
1H,43.62,-10.21,4.513,newyork,bearish,short,32.25,25166.5,loss,-32.25,2025-11-17 14:45:14+00:00,2025-11-17 14:46:19+00:00,25198.75,-64.5,1,65.0,MNQZ5
1H,43.62,-10.21,4.513,newyork,bearish,short,5.25,25202.75,loss,-5.25,2025-11-17 15:00:00+00:00,2025-11-17 15:00:02+00:00,25208.0,-10.5,1,2.0,MNQZ5
1H,43.62,-10.21,4.513,newyork,bearish,short,58.5,25209.75,win,58.5,2025-11-17 15:00:27+00:00,2025-11-17 15:03:32+00:00,25151.25,117.0,1,185.0,MNQZ5
1H,43.62,-10.21,4.513,newyork,bearish,short,57.5,25208.75,win,57.5,2025-11-17 15:00:27+00:00,2025-11-17 15:03:32+00:00,25151.25,115.0,1,185.0,MNQZ5
1H,43.62,-10.21,4.513,newyork,bearish,short,51.0,25202.25,win,51.0,2025-11-17 15:01:04+00:00,2025-11-17 15:03:32+00:00,25151.25,102.0,1,148.0,MNQZ5
1H,30.28,-115.25,4.908,newyork,bearish,short,56.75,24737.25,win,56.75,2025-11-18 14:41:00+00:00,2025-11-18 14:42:40+00:00,24680.5,227.0,2,100.0,MNQZ5
1H,54.38,30.57,4.987,newyork,bearish,short,6.25,24937.0,loss,-6.25,2025-11-19 15:24:00+00:00,2025-11-19 15:31:13+00:00,24943.25,-12.5,1,433.0,MNQZ5
1H,54.38,30.57,4.987,newyork,bearish,short,6.25,24949.5,win,6.25,2025-11-19 15:24:05+00:00,2025-11-19 15:31:13+00:00,24943.25,12.5,1,428.0,MNQZ5
1H,37.02,-116.94,4.441,newyork,bearish,long,44.0,24196.0,win,44.0,2025-11-21 14:51:04+00:00,2025-11-21 14:52:49+00:00,24240.0,88.0,1,105.0,MNQZ5
1H,37.02,-116.94,4.441,newyork,bearish,long,69.75,24180.25,win,69.75,2025-11-21 14:51:22+00:00,2025-11-21 14:54:13+00:00,24250.0,139.5,1,171.0,MNQZ5
1H,50.35,22.07,5.046,newyork,bearish,long,62.25,24766.5,loss,-62.25,2025-11-25 15:09:08+00:00,2025-11-25 15:23:04+00:00,24704.25,-124.5,1,836.0,MNQZ5
1H,50.35,22.07,5.046,newyork,bearish,long,61.5,24765.75,loss,-61.5,2025-11-25 15:09:25+00:00,2025-11-25 15:23:04+00:00,24704.25,-123.0,1,819.0,MNQZ5
1H,61.85,11.93,4.677,newyork,bullish,long,8.75,25361.5,win,8.75,2025-12-01 15:08:04+00:00,2025-12-01 15:13:22+00:00,25370.25,70.0,4,318.0,MNQZ5
1H,76.46,63.01,5.133,newyork,bullish,long,26.5,25593.25,win,26.5,2025-12-02 14:58:23+00:00,2025-12-02 15:00:47+00:00,25619.75,159.0,3,144.0,MNQZ5
1H,76.46,63.01,5.133,newyork,bullish,long,16.75,25593.25,win,16.75,2025-12-02 14:58:23+00:00,2025-12-02 15:00:41+00:00,25610.0,67.0,2,138.0,MNQZ5
1H,36.53,-0.29,4.836,newyork,bearish,long,25.25,25745.5,loss,-25.25,2025-12-08 15:17:49+00:00,2025-12-08 15:20:46+00:00,25720.25,-50.5,1,177.0,MNQZ5
1H,36.53,-0.29,4.836,newyork,bearish,long,15.25,25735.5,loss,-15.25,2025-12-08 15:18:39+00:00,2025-12-08 15:20:46+00:00,25720.25,-122.0,4,127.0,MNQZ5
1H,50.1,-15.58,4.56,newyork,bullish,long,1.0,25603.0,win,1.0,2025-12-09 14:36:03+00:00,2025-12-09 14:37:18+00:00,25604.0,2.0,1,75.0,MNQZ5
1H,50.1,-15.58,4.56,newyork,bullish,long,8.75,25595.25,win,8.75,2025-12-09 14:36:25+00:00,2025-12-09 14:37:18+00:00,25604.0,35.0,2,53.0,MNQZ5
1H,27.86,-57.38,7.722,newyork,bearish,long,25.0,25562.0,win,25.0,2025-12-12 14:32:12+00:00,2025-12-12 14:34:46+00:00,25587.0,50.0,1,154.0,MNQZ5
1H,27.86,-57.38,7.722,newyork,bearish,long,50.25,25561.25,win,50.25,2025-12-12 14:32:13+00:00,2025-12-12 14:39:20+00:00,25611.5,100.5,1,427.0,MNQZ5
1H,27.86,-57.38,7.722,newyork,bearish,long,0.25,25611.25,loss,-0.25,2025-12-12 14:39:48+00:00,2025-12-12 14:39:49+00:00,25611.0,-0.5,1,1.0,MNQZ5
1H,27.86,-57.38,7.722,newyork,bearish,long,2.0,25610.5,loss,-2.0,2025-12-12 14:39:51+00:00,2025-12-12 14:40:00+00:00,25608.5,-4.0,1,9.0,MNQZ5
1H,68.19,50.77,5.181,newyork,bullish,short,26.0,25196.5,win,26.0,2025-12-18 14:48:36+00:00,2025-12-18 14:49:10+00:00,25170.5,52.0,1,34.0,MNQH6
1H,64.29,70.21,2.757,newyork,bullish,long,17.5,25504.0,win,17.5,2025-12-19 15:30:05+00:00,2025-12-19 15:43:10+00:00,25521.5,35.0,1,785.0,MNQH6
1H,64.29,70.21,2.757,newyork,bullish,long,38.0,25504.0,win,38.0,2025-12-19 15:30:05+00:00,2025-12-19 15:35:32+00:00,25542.0,76.0,1,327.0,MNQH6
1H,57.83,56.45,4.669,newyork,bearish,short,39.25,25714.5,win,39.25,2025-12-22 15:05:09+00:00,2025-12-22 15:15:04+00:00,25675.25,78.5,1,595.0,MNQH6
1H,67.81,30.84,3.811,newyork,bullish,long,17.5,25861.75,win,17.5,2025-12-26 15:18:01+00:00,2025-12-26 15:20:49+00:00,25879.25,35.0,1,168.0,MNQH6
1H,67.81,30.84,3.811,newyork,bullish,long,17.0,25862.25,win,17.0,2025-12-26 15:18:03+00:00,2025-12-26 15:20:49+00:00,25879.25,34.0,1,166.0,MNQH6
1H,67.81,30.84,3.811,newyork,bullish,long,18.5,25860.75,win,18.5,2025-12-26 15:18:12+00:00,2025-12-26 15:20:49+00:00,25879.25,37.0,1,157.0,MNQH6
1H,33.61,-42.58,2.593,newyork,bearish,short,13.25,25744.0,win,13.25,2025-12-29 15:47:01+00:00,2025-12-29 15:47:51+00:00,25730.75,26.5,1,50.0,MNQH6
1H,33.61,-42.58,2.593,newyork,bearish,short,13.75,25744.5,win,13.75,2025-12-29 15:47:01+00:00,2025-12-29 15:47:51+00:00,25730.75,27.5,1,50.0,MNQH6
1H,33.61,-42.58,2.593,newyork,bearish,short,13.75,25744.5,win,13.75,2025-12-29 15:47:02+00:00,2025-12-29 15:47:51+00:00,25730.75,27.5,1,49.0,MNQH6
1H,50.44,-2.43,4.977,newyork,bearish,short,0.0,25736.25,loss,0.0,2025-12-30 15:05:01+00:00,2025-12-30 15:05:51+00:00,25736.25,0.0,1,50.0,MNQH6
1H,50.44,-2.43,4.977,newyork,bearish,short,0.5,25736.75,win,0.5,2025-12-30 15:05:02+00:00,2025-12-30 15:05:51+00:00,25736.25,1.0,1,49.0,MNQH6
1H,65.7,32.54,4.112,newyork,bullish,short,28.0,25603.25,win,28.0,2026-01-05 14:47:36+00:00,2026-01-05 14:48:42+00:00,25575.25,56.0,1,66.0,MNQH6
1H,65.7,32.54,4.112,newyork,bullish,short,1.0,25601.25,win,1.0,2026-01-05 14:47:40+00:00,2026-01-05 14:50:01+00:00,25600.25,2.0,1,141.0,MNQH6
1H,58.31,28.03,5.14,newyork,bearish,short,0.75,25635.5,win,0.75,2026-01-06 14:39:03+00:00,2026-01-06 14:42:51+00:00,25634.75,1.5,1,228.0,MNQH6
1H,58.31,28.03,5.14,newyork,bearish,short,0.75,25635.5,win,0.75,2026-01-06 14:39:03+00:00,2026-01-06 14:42:51+00:00,25634.75,1.5,1,228.0,MNQH6
1H,73.62,32.36,5.729,newyork,bullish,long,2.0,25863.0,loss,-2.0,2026-01-07 15:07:01+00:00,2026-01-07 15:13:18+00:00,25861.0,-4.0,1,377.0,MNQH6
1H,73.62,32.36,5.729,newyork,bullish,long,3.0,25858.0,win,3.0,2026-01-07 15:08:08+00:00,2026-01-07 15:13:18+00:00,25861.0,6.0,1,310.0,MNQH6
1H,73.62,32.36,5.729,newyork,bullish,long,25.5,25853.5,loss,-25.5,2026-01-07 15:15:07+00:00,2026-01-07 15:17:18+00:00,25828.0,-102.0,2,131.0,MNQH6
1H,41.33,-32.92,5.101,newyork,bullish,short,37.5,25629.0,win,37.5,2026-01-08 14:58:04+00:00,2026-01-08 15:00:11+00:00,25591.5,75.0,1,127.0,MNQH6
1H,60.73,21.42,6.353,newyork,bullish,short,58.5,25719.25,win,58.5,2026-01-09 14:50:05+00:00,2026-01-09 15:08:19+00:00,25660.75,117.0,1,1094.0,MNQH6
1H,65.13,17.16,4.078,newyork,bullish,long,51.0,25872.75,win,51.0,2026-01-12 14:50:00+00:00,2026-01-12 14:51:15+00:00,25923.75,102.0,1,75.0,MNQH6
1H,50.71,15.86,5.927,newyork,bearish,long,42.5,25989.75,win,42.5,2026-01-13 14:36:02+00:00,2026-01-13 14:40:23+00:00,26032.25,85.0,1,261.0,MNQH6
1H,50.71,15.86,5.927,newyork,bearish,long,42.25,25989.5,win,42.25,2026-01-13 14:36:02+00:00,2026-01-13 14:40:28+00:00,26031.75,84.5,1,266.0,MNQH6
1H,21.34,-82.95,6.203,newyork,bearish,short,33.25,25558.0,loss,-33.25,2026-01-14 15:07:59+00:00,2026-01-14 15:09:48+00:00,25591.25,-66.5,1,109.0,MNQH6
1H,21.34,-82.95,6.203,newyork,bearish,short,32.25,25559.0,loss,-32.25,2026-01-14 15:08:00+00:00,2026-01-14 15:09:48+00:00,25591.25,-64.5,1,108.0,MNQH6
1H,21.34,-82.95,6.203,newyork,bearish,short,16.5,25574.75,loss,-16.5,2026-01-14 15:08:33+00:00,2026-01-14 15:09:48+00:00,25591.25,-33.0,1,75.0,MNQH6
1H,65.65,63.52,4.203,newyork,bullish,long,45.0,25896.25,loss,-45.0,2026-01-15 14:57:06+00:00,2026-01-15 15:07:32+00:00,25851.25,-90.0,1,626.0,MNQH6
1H,35.91,-8.37,5.295,newyork,bearish,long,51.0,25719.0,loss,-51.0,2026-01-16 15:24:32+00:00,2026-01-16 15:29:51+00:00,25668.0,-102.0,1,319.0,MNQH6
1H,35.91,-8.37,5.295,newyork,bearish,long,37.0,25705.0,loss,-37.0,2026-01-16 15:25:28+00:00,2026-01-16 15:29:51+00:00,25668.0,-74.0,1,263.0,MNQH6
1H,42.28,-116.35,2.572,newyork,bullish,long,28.25,25289.75,loss,-28.25,2026-01-20 15:14:02+00:00,2026-01-20 15:18:48+00:00,25261.5,-56.5,1,286.0,MNQH6
1H,42.28,-116.35,2.572,newyork,bullish,long,29.75,25291.25,loss,-29.75,2026-01-20 15:14:03+00:00,2026-01-20 15:18:48+00:00,25261.5,-59.5,1,285.0,MNQH6
1H,42.28,-116.35,2.572,newyork,bullish,long,22.75,25284.25,loss,-22.75,2026-01-20 15:14:31+00:00,2026-01-20 15:18:48+00:00,25261.5,-45.5,1,257.0,MNQH6
1H,53.16,79.31,4.095,newyork,bearish,long,0.5,25722.25,win,0.5,2026-01-22 14:21:21+00:00,2026-01-22 14:29:00+00:00,25722.75,1.0,1,459.0,MNQH6
1H,53.16,79.31,4.095,newyork,bearish,long,13.75,25722.25,win,13.75,2026-01-22 14:21:21+00:00,2026-01-22 14:26:53+00:00,25736.0,27.5,1,332.0,MNQH6
1H,53.16,79.31,4.095,newyork,bearish,long,9.25,25722.25,win,9.25,2026-01-22 14:21:21+00:00,2026-01-22 14:26:47+00:00,25731.5,18.5,1,326.0,MNQH6
1H,64.88,18.49,4.72,newyork,bullish,long,26.0,25702.0,loss,-26.0,2026-01-23 15:16:06+00:00,2026-01-23 15:20:04+00:00,25676.0,-52.0,1,238.0,MNQH6
1H,67.26,55.08,2.84,newyork,bullish,short,0.5,25864.25,win,0.5,2026-01-26 16:20:01+00:00,2026-01-26 16:21:19+00:00,25863.75,1.0,1,78.0,MNQH6
1H,67.26,55.08,2.84,newyork,bullish,short,0.75,25864.5,win,0.75,2026-01-26 16:20:02+00:00,2026-01-26 16:21:19+00:00,25863.75,1.5,1,77.0,MNQH6
1H,70.31,58.14,4.76,newyork,bullish,long,31.25,25998.5,loss,-31.25,2026-01-27 14:32:03+00:00,2026-01-27 14:34:03+00:00,25967.25,-62.5,1,120.0,MNQH6
1H,70.31,58.14,4.76,newyork,bullish,long,29.75,25997.0,loss,-29.75,2026-01-27 14:32:04+00:00,2026-01-27 14:34:03+00:00,25967.25,-59.5,1,119.0,MNQH6
1H,46.84,-34.32,4.466,newyork,bullish,short,84.75,25831.75,loss,-84.75,2026-01-30 14:33:26+00:00,2026-01-30 14:39:31+00:00,25916.5,-169.5,1,365.0,MNQH6
1H,46.84,-34.32,4.466,newyork,bullish,short,45.75,25883.75,win,45.75,2026-01-30 14:43:43+00:00,2026-01-30 14:59:01+00:00,25838.0,91.5,1,918.0,MNQH6
1H,46.84,-34.32,4.466,newyork,bullish,short,94.0,25914.75,win,94.0,2026-01-30 14:50:40+00:00,2026-01-30 14:59:36+00:00,25820.75,188.0,1,536.0,MNQH6
1H,28.26,-94.55,5.217,newyork,bearish,short,52.75,25207.5,loss,-52.75,2026-02-04 15:20:17+00:00,2026-02-04 15:23:30+00:00,25260.25,-105.5,1,193.0,MNQH6
1H,28.26,-94.55,5.217,newyork,bearish,long,78.25,25258.25,loss,-78.25,2026-02-04 15:25:02+00:00,2026-02-04 15:34:03+00:00,25180.0,-156.5,1,541.0,MNQH6
1H,40.17,-116.0,3.531,newyork,bullish,short,2.25,24590.75,win,2.25,2026-02-05 15:50:00+00:00,2026-02-05 15:58:27+00:00,24588.5,4.5,1,507.0,MNQH6
1H,58.81,43.44,4.237,newyork,bullish,short,1.0,24793.25,win,1.0,2026-02-06 15:10:01+00:00,2026-02-06 15:16:50+00:00,24792.25,2.0,1,409.0,MNQH6
1H,58.81,43.44,4.237,newyork,bullish,short,68.25,24835.5,loss,-68.25,2026-02-06 15:24:30+00:00,2026-02-06 15:26:59+00:00,24903.75,-136.5,1,149.0,MNQH6
1H,58.81,43.44,4.237,newyork,bullish,short,27.5,24876.25,loss,-27.5,2026-02-06 15:25:37+00:00,2026-02-06 15:26:59+00:00,24903.75,-55.0,1,82.0,MNQH6
1H,67.57,46.41,3.696,newyork,bullish,long,29.25,25050.75,win,29.25,2026-02-09 14:36:24+00:00,2026-02-09 14:38:03+00:00,25080.0,58.5,1,99.0,MNQH6
1H,59.49,35.14,4.603,newyork,bearish,long,42.25,25307.5,loss,-42.25,2026-02-10 14:44:01+00:00,2026-02-10 14:48:59+00:00,25265.25,-84.5,1,298.0,MNQH6
1H,59.49,35.14,4.603,newyork,bearish,long,39.25,25304.5,loss,-39.25,2026-02-10 14:44:02+00:00,2026-02-10 14:48:59+00:00,25265.25,-78.5,1,297.0,MNQH6
1H,59.49,35.14,4.603,newyork,bearish,long,24.75,25290.0,loss,-24.75,2026-02-10 14:45:35+00:00,2026-02-10 14:48:59+00:00,25265.25,-49.5,1,204.0,MNQH6
1H,59.49,35.14,4.603,newyork,bearish,long,56.25,25325.75,win,56.25,2026-02-10 14:52:07+00:00,2026-02-10 14:55:37+00:00,25382.0,112.5,1,210.0,MNQH6
1H,59.49,35.14,4.603,newyork,bearish,long,77.0,25310.75,win,77.0,2026-02-10 14:52:38+00:00,2026-02-10 14:55:58+00:00,25387.75,154.0,1,200.0,MNQH6
1H,46.27,-63.66,3.868,newyork,bullish,long,100.25,24694.25,win,100.25,2026-02-13 14:44:17+00:00,2026-02-13 14:45:54+00:00,24794.5,200.5,1,97.0,MNQH6
1H,42.34,-71.54,5.353,newyork,bullish,short,39.75,24525.5,win,39.75,2026-02-17 15:06:47+00:00,2026-02-17 15:11:59+00:00,24485.75,79.5,1,312.0,MNQH6
1H,42.34,-71.54,5.353,newyork,bullish,short,3.75,24531.75,win,3.75,2026-02-17 15:06:52+00:00,2026-02-17 15:12:32+00:00,24528.0,7.5,1,340.0,MNQH6
1H,50.99,-13.94,4.226,newyork,bullish,long,3.5,24896.25,win,3.5,2026-02-19 15:02:17+00:00,2026-02-19 15:02:45+00:00,24899.75,7.0,1,28.0,MNQH6
1H,50.99,-13.94,4.226,newyork,bullish,short,6.25,24892.75,loss,-6.25,2026-02-19 15:09:59+00:00,2026-02-19 15:15:14+00:00,24899.0,-12.5,1,315.0,MNQH6
1H,50.99,-13.94,4.226,newyork,bullish,short,7.75,24906.75,win,7.75,2026-02-19 15:10:31+00:00,2026-02-19 15:15:14+00:00,24899.0,15.5,1,283.0,MNQH6
1H,50.99,-13.94,4.226,newyork,bullish,short,3.5,24893.0,win,3.5,2026-02-19 15:19:02+00:00,2026-02-19 15:22:36+00:00,24889.5,7.0,1,214.0,MNQH6
1H,50.99,-13.94,4.226,newyork,bullish,short,2.25,24891.75,win,2.25,2026-02-19 15:19:03+00:00,2026-02-19 15:22:36+00:00,24889.5,4.5,1,213.0,MNQH6
1H,36.09,-19.99,5.158,newyork,bearish,short,4.5,24868.25,loss,-4.5,2026-02-23 15:13:04+00:00,2026-02-23 15:15:52+00:00,24872.75,-9.0,1,168.0,MNQH6
1H,36.09,-19.99,5.158,newyork,bearish,short,4.0,24876.75,win,4.0,2026-02-23 15:13:21+00:00,2026-02-23 15:15:52+00:00,24872.75,8.0,1,151.0,MNQH6
1H,36.09,-19.99,5.158,newyork,bearish,long,37.75,24912.75,loss,-37.75,2026-02-23 15:22:06+00:00,2026-02-23 15:29:04+00:00,24875.0,-75.5,1,418.0,MNQH6
1H,64.62,18.56,4.63,newyork,bullish,long,6.0,24876.25,loss,-6.0,2026-02-24 15:03:02+00:00,2026-02-24 15:07:02+00:00,24870.25,-12.0,1,240.0,MNQH6
1H,64.62,18.56,4.63,newyork,bullish,long,6.25,24864.0,win,6.25,2026-02-24 15:03:06+00:00,2026-02-24 15:07:02+00:00,24870.25,12.5,1,236.0,MNQH6
1H,75.7,87.86,2.378,newyork,bullish,long,32.25,25331.75,loss,-32.25,2026-02-25 15:30:02+00:00,2026-02-25 15:34:37+00:00,25299.5,-64.5,1,275.0,MNQH6
1H,75.7,87.86,2.378,newyork,bullish,long,32.25,25331.75,loss,-32.25,2026-02-25 15:30:05+00:00,2026-02-25 15:34:37+00:00,25299.5,-64.5,1,272.0,MNQH6
1H,75.7,87.86,2.378,newyork,bullish,long,33.75,25333.25,loss,-33.75,2026-02-25 15:30:06+00:00,2026-02-25 15:34:37+00:00,25299.5,-67.5,1,271.0,MNQH6
1H,49.08,-87.91,2.887,newyork,bullish,short,5.25,24412.75,win,5.25,2026-03-03 15:44:16+00:00,2026-03-03 15:49:23+00:00,24407.5,10.5,1,307.0,MNQH6
1H,49.08,-87.91,2.887,newyork,bullish,short,0.75,24410.75,loss,-0.75,2026-03-03 15:44:32+00:00,2026-03-03 15:49:24+00:00,24411.5,-1.5,1,292.0,MNQH6
1H,73.03,90.36,4.331,newyork,bullish,short,23.0,24914.25,loss,-23.0,2026-03-04 15:04:26+00:00,2026-03-04 15:06:09+00:00,24937.25,-92.0,2,103.0,MNQH6
1H,53.03,29.4,4.6,newyork,bearish,long,47.0,25172.75,loss,-47.0,2026-03-05 15:15:15+00:00,2026-03-05 15:17:36+00:00,25125.75,-94.0,1,141.0,MNQH6
1H,53.03,29.4,4.6,newyork,bearish,long,39.5,25165.25,loss,-39.5,2026-03-05 15:15:43+00:00,2026-03-05 15:17:36+00:00,25125.75,-79.0,1,113.0,MNQH6
1H,53.03,29.4,4.6,newyork,bearish,short,50.75,25004.75,win,50.75,2026-03-05 15:28:29+00:00,2026-03-05 15:30:49+00:00,24954.0,101.5,1,140.0,MNQH6
1H,50.38,21.64,2.627,newyork,bearish,short,26.5,25054.5,win,26.5,2026-03-05 15:42:31+00:00,2026-03-05 15:43:27+00:00,25028.0,53.0,1,56.0,MNQH6
1H,50.38,21.64,2.627,newyork,bearish,short,40.0,25058.5,win,40.0,2026-03-05 15:42:32+00:00,2026-03-05 15:43:35+00:00,25018.5,80.0,1,63.0,MNQH6
1H,50.38,21.64,2.627,newyork,bearish,short,3.0,25065.25,win,3.0,2026-03-05 16:01:44+00:00,2026-03-05 16:02:10+00:00,25062.25,6.0,1,26.0,MNQH6
1H,44.64,-80.33,3.929,newyork,bullish,long,1.75,24693.5,win,1.75,2026-03-06 14:49:02+00:00,2026-03-06 14:50:54+00:00,24695.25,3.5,1,112.0,MNQH6
1H,44.64,-80.33,3.929,newyork,bullish,long,5.75,24689.5,win,5.75,2026-03-06 14:49:03+00:00,2026-03-06 14:50:54+00:00,24695.25,11.5,1,111.0,MNQH6
1H,44.64,-80.33,3.929,newyork,bullish,short,16.75,24738.0,win,16.75,2026-03-06 15:04:32+00:00,2026-03-06 15:05:47+00:00,24721.25,33.5,1,75.0,MNQH6
1H,44.64,-80.33,3.929,newyork,bullish,short,0.5,24742.0,win,0.5,2026-03-06 15:04:35+00:00,2026-03-06 15:06:00+00:00,24741.5,1.0,1,85.0,MNQH6
1H,44.64,-80.33,3.929,newyork,bullish,short,10.0,24736.5,win,10.0,2026-03-06 15:08:06+00:00,2026-03-06 15:08:44+00:00,24726.5,20.0,1,38.0,MNQH6
1H,54.55,-39.39,3.529,newyork,bullish,short,17.75,24413.0,win,17.75,2026-03-09 13:38:05+00:00,2026-03-09 13:45:09+00:00,24395.25,35.5,1,424.0,MNQH6
1H,67.18,98.3,3.633,newyork,bullish,short,6.75,25001.25,loss,-6.75,2026-03-10 13:36:02+00:00,2026-03-10 13:41:59+00:00,25008.0,-13.5,1,357.0,MNQH6
1H,67.18,98.3,3.633,newyork,bullish,short,6.5,25014.5,win,6.5,2026-03-10 13:37:33+00:00,2026-03-10 13:41:59+00:00,25008.0,13.0,1,266.0,MNQH6
1H,67.18,98.3,3.633,newyork,bullish,short,90.5,24907.75,loss,-90.5,2026-03-10 14:15:35+00:00,2026-03-10 14:25:28+00:00,24998.25,-181.0,1,593.0,MNQH6
1H,67.18,98.3,3.633,newyork,bullish,short,78.75,24919.5,loss,-78.75,2026-03-10 14:18:22+00:00,2026-03-10 14:25:28+00:00,24998.25,-157.5,1,426.0,MNQH6
1H,67.18,98.3,3.633,newyork,bullish,short,25.0,24973.25,loss,-25.0,2026-03-10 14:22:26+00:00,2026-03-10 14:25:28+00:00,24998.25,-50.0,1,182.0,MNQH6
1H,40.13,-18.94,5.149,newyork,bearish,long,40.5,24660.0,win,40.5,2026-03-13 13:38:01+00:00,2026-03-13 13:41:59+00:00,24700.5,81.0,1,238.0,MNQH6
1H,40.13,-18.94,5.149,newyork,bearish,long,49.75,24662.75,win,49.75,2026-03-13 13:38:03+00:00,2026-03-13 13:42:08+00:00,24712.5,99.5,1,245.0,MNQH6
1H,40.13,-18.94,5.149,newyork,bearish,short,0.25,24782.0,loss,-0.25,2026-03-13 13:55:33+00:00,2026-03-13 13:55:48+00:00,24782.25,-0.5,1,15.0,MNQH6
1H,60.42,47.71,4.549,newyork,bearish,short,1.75,24699.0,win,1.75,2026-03-16 13:49:38+00:00,2026-03-16 13:56:09+00:00,24697.25,3.5,1,391.0,MNQH6
1H,60.42,47.71,4.549,newyork,bearish,short,1.75,24695.5,loss,-1.75,2026-03-16 13:49:43+00:00,2026-03-16 13:56:09+00:00,24697.25,-3.5,1,386.0,MNQH6
1H,34.3,-90.53,3.123,newyork,bearish,short,41.25,24408.5,loss,-41.25,2026-03-19 13:47:03+00:00,2026-03-19 13:49:44+00:00,24449.75,-82.5,1,161.0,MNQM6
1H,34.3,-90.53,3.123,newyork,bearish,short,28.75,24421.0,loss,-28.75,2026-03-19 13:47:30+00:00,2026-03-19 13:49:44+00:00,24449.75,-57.5,1,134.0,MNQM6
1H,45.1,-10.72,4.461,newyork,bullish,short,33.75,24193.5,win,33.75,2026-03-24 13:48:30+00:00,2026-03-24 13:49:46+00:00,24159.75,67.5,1,76.0,MNQM6
1H,45.1,-10.72,4.461,newyork,bullish,short,44.0,24181.5,win,44.0,2026-03-24 13:48:42+00:00,2026-03-24 13:51:49+00:00,24137.5,88.0,1,187.0,MNQM6
