Id,ContractName,EnteredAt,ExitedAt,EntryPrice,ExitPrice,Fees,PnL,Size,Type,TradeDay,TradeDuration,Commissions
1147359827,MNQU5,07/21/2025 17:59:00 +04:00,07/21/2025 18:00:33 +04:00,23373.000000000,23394.750000000,2.22000,-130.500000000,3,Short,07/21/2025 00:00:00 -05:00,00:01:32.4295700,
1147359829,MNQU5,07/21/2025 18:00:18 +04:00,07/21/2025 18:00:33 +04:00,23389.500000000,23394.750000000,0.74000,-10.500000000,1,Short,07/21/2025 00:00:00 -05:00,00:00:14.3804880,
1147607487,MNQU5,07/21/2025 18:18:45 +04:00,07/21/2025 18:20:25 +04:00,23390.500000000,23402.500000000,2.22000,-72.000000000,3,Short,07/21/2025 00:00:00 -05:00,00:01:39.9746610,
1147607488,MNQU5,07/21/2025 18:18:54 +04:00,07/21/2025 18:20:25 +04:00,23393.250000000,23402.500000000,0.74000,-18.500000000,1,Short,07/21/2025 00:00:00 -05:00,00:01:31.5736530,
1147607489,MNQU5,07/21/2025 18:19:50 +04:00,07/21/2025 18:20:25 +04:00,23392.000000000,23402.500000000,0.74000,-21.000000000,1,Short,07/21/2025 00:00:00 -05:00,00:00:35.5236840,
1152333971,MNQU5,07/22/2025 18:18:06 +04:00,07/22/2025 18:22:30 +04:00,23178.750000000,23172.000000000,0.74000,13.500000000,1,Short,07/22/2025 00:00:00 -05:00,00:04:24.1711450,
1152333972,MNQU5,07/22/2025 18:18:06 +04:00,07/22/2025 18:22:30 +04:00,23178.750000000,23172.000000000,0.74000,13.500000000,1,Short,07/22/2025 00:00:00 -05:00,00:04:24.1709670,
1152333973,MNQU5,07/22/2025 18:18:06 +04:00,07/22/2025 18:22:30 +04:00,23178.500000000,23172.000000000,0.74000,13.000000000,1,Short,07/22/2025 00:00:00 -05:00,00:04:23.4718020,
1152333974,MNQU5,07/22/2025 18:18:13 +04:00,07/22/2025 18:22:30 +04:00,23175.750000000,23172.000000000,0.74000,7.500000000,1,Short,07/22/2025 00:00:00 -05:00,00:04:17.0212410,
1152333975,MNQU5,07/22/2025 18:18:14 +04:00,07/22/2025 18:22:30 +04:00,23178.000000000,23172.000000000,0.74000,12.000000000,1,Short,07/22/2025 00:00:00 -05:00,00:04:15.5673340,
1157293471,MNQU5,07/23/2025 18:50:18 +04:00,07/23/2025 18:50:45 +04:00,23181.000000000,23185.000000000,2.96000,32.000000000,4,Long,07/23/2025 00:00:00 -05:00,00:00:27.0506180,
1157438889,MNQU5,07/23/2025 19:03:01 +04:00,07/23/2025 19:04:04 +04:00,23202.000000000,23185.500000000,3.70000,165.000000000,5,Short,07/23/2025 00:00:00 -05:00,00:01:03.7811140,
1161406378,MNQU5,07/24/2025 17:56:14 +04:00,07/24/2025 18:10:12 +04:00,23362.000000000,23328.000000000,0.74000,68.000000000,1,Short,07/24/2025 00:00:00 -05:00,00:13:58.0909580,
1161399164,MNQU5,07/24/2025 17:56:14 +04:00,07/24/2025 18:10:02 +04:00,23362.000000000,23326.500000000,1.48000,142.000000000,2,Short,07/24/2025 00:00:00 -05:00,00:13:47.6646360,
1166112224,MNQU5,07/25/2025 18:18:07 +04:00,07/25/2025 18:34:33 +04:00,23393.500000000,23418.250000000,0.74000,-49.500000000,1,Short,07/25/2025 00:00:00 -05:00,00:16:26.6182170,
1166112225,MNQU5,07/25/2025 18:19:25 +04:00,07/25/2025 18:34:33 +04:00,23399.750000000,23418.250000000,3.70000,-185.000000000,5,Short,07/25/2025 00:00:00 -05:00,00:15:08.5700770,
1174290091,MNQU5,07/29/2025 18:08:05 +04:00,07/29/2025 18:16:11 +04:00,23569.250000000,23570.000000000,2.22000,4.500000000,3,Long,07/29/2025 00:00:00 -05:00,00:08:06.1556960,
1174236768,MNQU5,07/29/2025 18:08:05 +04:00,07/29/2025 18:11:39 +04:00,23569.250000000,23580.250000000,0.74000,22.000000000,1,Long,07/29/2025 00:00:00 -05:00,00:03:34.5484490,
1174235806,MNQU5,07/29/2025 18:08:05 +04:00,07/29/2025 18:11:35 +04:00,23569.250000000,23580.500000000,0.74000,22.500000000,1,Long,07/29/2025 00:00:00 -05:00,00:03:30.4012650,
1174290093,MNQU5,07/29/2025 18:08:15 +04:00,07/29/2025 18:16:11 +04:00,23572.500000000,23570.000000000,0.74000,-5.000000000,1,Long,07/29/2025 00:00:00 -05:00,00:07:56.1915330,
1174518470,MNQU5,07/29/2025 18:31:11 +04:00,07/29/2025 18:32:38 +04:00,23564.500000000,23561.750000000,0.74000,-5.500000000,1,Long,07/29/2025 00:00:00 -05:00,00:01:27.4240780,
1174518471,MNQU5,07/29/2025 18:31:40 +04:00,07/29/2025 18:32:38 +04:00,23559.250000000,23561.750000000,0.74000,5.000000000,1,Long,07/29/2025 00:00:00 -05:00,00:00:58.1492810,
1174518472,MNQU5,07/29/2025 18:31:42 +04:00,07/29/2025 18:32:38 +04:00,23558.500000000,23561.750000000,0.74000,6.500000000,1,Long,07/29/2025 00:00:00 -05:00,00:00:55.7499330,
1174518473,MNQU5,07/29/2025 18:31:45 +04:00,07/29/2025 18:32:38 +04:00,23557.750000000,23561.750000000,0.74000,8.000000000,1,Long,07/29/2025 00:00:00 -05:00,00:00:53.3995650,
1178407936,MNQU5,07/30/2025 17:52:01 +04:00,07/30/2025 17:57:41 +04:00,23483.250000000,23482.750000000,0.74000,1.000000000,1,Short,07/30/2025 00:00:00 -05:00,00:05:40.3894020,
1178407937,MNQU5,07/30/2025 17:52:31 +04:00,07/30/2025 17:57:41 +04:00,23485.750000000,23482.750000000,1.48000,12.000000000,2,Short,07/30/2025 00:00:00 -05:00,00:05:09.9866480,
1178459157,MNQU5,07/30/2025 17:57:56 +04:00,07/30/2025 18:01:52 +04:00,23486.750000000,23480.250000000,2.22000,39.000000000,3,Short,07/30/2025 00:00:00 -05:00,00:03:55.8466720,
1182998200,MNQU5,07/31/2025 17:51:13 +04:00,07/31/2025 17:53:17 +04:00,23648.750000000,23681.000000000,2.22000,193.500000000,3,Long,07/31/2025 00:00:00 -05:00,00:02:03.9644190,
1188412144,MNQU5,08/01/2025 18:40:05 +04:00,08/01/2025 18:41:24 +04:00,22987.500000000,22987.000000000,0.74000,1.000000000,1,Short,08/01/2025 00:00:00 -05:00,00:01:19.2506430,
1188412145,MNQU5,08/01/2025 18:40:06 +04:00,08/01/2025 18:41:24 +04:00,22986.750000000,22987.000000000,0.74000,-0.500000000,1,Short,08/01/2025 00:00:00 -05:00,00:01:18.1506090,
1193397218,MNQU5,08/04/2025 18:48:06 +04:00,08/04/2025 18:50:16 +04:00,23232.500000000,23248.500000000,0.74000,32.000000000,1,Long,08/04/2025 00:00:00 -05:00,00:02:09.7683670,
1193398118,MNQU5,08/04/2025 18:48:08 +04:00,08/04/2025 18:50:22 +04:00,23233.500000000,23246.250000000,0.74000,25.500000000,1,Long,08/04/2025 00:00:00 -05:00,00:02:13.9654560,
1193403843,MNQU5,08/04/2025 18:48:16 +04:00,08/04/2025 18:50:38 +04:00,23234.250000000,23235.000000000,0.74000,1.500000000,1,Long,08/04/2025 00:00:00 -05:00,00:02:22.6241330,
1193403844,MNQU5,08/04/2025 18:48:16 +04:00,08/04/2025 18:50:38 +04:00,23233.750000000,23235.000000000,0.74000,2.500000000,1,Long,08/04/2025 00:00:00 -05:00,00:02:21.9860870,
1193403845,MNQU5,08/04/2025 18:48:25 +04:00,08/04/2025 18:50:38 +04:00,23236.000000000,23235.000000000,0.74000,-2.000000000,1,Long,08/04/2025 00:00:00 -05:00,00:02:13.3187950,
1197509827,MNQU5,08/05/2025 17:38:05 +04:00,08/05/2025 17:45:54 +04:00,23349.000000000,23381.500000000,0.74000,65.000000000,1,Long,08/05/2025 00:00:00 -05:00,00:07:48.3415430,
1197513526,MNQU5,08/05/2025 17:38:06 +04:00,08/05/2025 17:45:58 +04:00,23348.250000000,23381.250000000,0.74000,66.000000000,1,Long,08/05/2025 00:00:00 -05:00,00:07:52.6121660,
1197517332,MNQU5,08/05/2025 17:38:07 +04:00,08/05/2025 17:46:07 +04:00,23347.250000000,23380.000000000,0.74000,65.500000000,1,Long,08/05/2025 00:00:00 -05:00,00:08:00.6315260,
1203084620,MNQU5,08/06/2025 17:37:41 +04:00,08/06/2025 17:43:05 +04:00,23182.250000000,23181.500000000,0.74000,1.500000000,1,Short,08/06/2025 00:00:00 -05:00,00:05:24.1094320,
1203438492,MNQU5,08/06/2025 17:51:00 +04:00,08/06/2025 17:54:14 +04:00,23195.750000000,23240.000000000,0.74000,-88.500000000,1,Short,08/06/2025 00:00:00 -05:00,00:03:13.7731400,
1203438493,MNQU5,08/06/2025 17:51:08 +04:00,08/06/2025 17:54:14 +04:00,23196.750000000,23240.000000000,0.74000,-86.500000000,1,Short,08/06/2025 00:00:00 -05:00,00:03:06.4991690,
1203438494,MNQU5,08/06/2025 17:51:13 +04:00,08/06/2025 17:54:14 +04:00,23197.250000000,23240.000000000,0.74000,-85.500000000,1,Short,08/06/2025 00:00:00 -05:00,00:03:01.3248200,
1204062413,MNQU5,08/06/2025 18:15:25 +04:00,08/06/2025 18:24:13 +04:00,23232.750000000,23172.000000000,0.74000,121.500000000,1,Short,08/06/2025 00:00:00 -05:00,00:08:47.8711840,
1204062414,MNQU5,08/06/2025 18:24:07 +04:00,08/06/2025 18:24:13 +04:00,23172.250000000,23172.000000000,0.74000,0.500000000,1,Short,08/06/2025 00:00:00 -05:00,00:00:06.2470720,
1208274955,MNQU5,08/07/2025 16:34:02 +04:00,08/07/2025 16:52:12 +04:00,23596.000000000,23613.000000000,0.74000,-34.000000000,1,Short,08/07/2025 00:00:00 -05:00,00:18:10.0773120,
1208274956,MNQU5,08/07/2025 16:34:02 +04:00,08/07/2025 16:52:12 +04:00,23596.000000000,23613.000000000,0.74000,-34.000000000,1,Short,08/07/2025 00:00:00 -05:00,00:18:10.0285260,
1208274957,MNQU5,08/07/2025 16:34:10 +04:00,08/07/2025 16:52:12 +04:00,23595.500000000,23613.000000000,0.74000,-35.000000000,1,Short,08/07/2025 00:00:00 -05:00,00:18:01.7788000,
1208274958,MNQU5,08/07/2025 16:34:13 +04:00,08/07/2025 16:52:12 +04:00,23597.250000000,23613.000000000,0.74000,-31.500000000,1,Short,08/07/2025 00:00:00 -05:00,00:17:58.6775990,
1208274959,MNQU5,08/07/2025 16:35:25 +04:00,08/07/2025 16:52:12 +04:00,23597.000000000,23613.000000000,0.74000,-32.000000000,1,Short,08/07/2025 00:00:00 -05:00,00:16:47.0792570,
1208274960,MNQU5,08/07/2025 16:35:25 +04:00,08/07/2025 16:52:12 +04:00,23598.500000000,23613.000000000,2.22000,-87.000000000,3,Short,08/07/2025 00:00:00 -05:00,00:16:46.2318220,
1209165602,MNQU5,08/07/2025 17:53:01 +04:00,08/07/2025 17:57:24 +04:00,23619.500000000,23645.000000000,0.74000,51.000000000,1,Long,08/07/2025 00:00:00 -05:00,00:04:23.5003880,
1209165603,MNQU5,08/07/2025 17:53:11 +04:00,08/07/2025 17:57:24 +04:00,23621.000000000,23645.000000000,0.74000,48.000000000,1,Long,08/07/2025 00:00:00 -05:00,00:04:13.4475750,
1209165604,MNQU5,08/07/2025 17:53:13 +04:00,08/07/2025 17:57:24 +04:00,23621.750000000,23645.000000000,0.74000,46.500000000,1,Long,08/07/2025 00:00:00 -05:00,00:04:11.6999540,
1209745591,MNQU5,08/07/2025 18:19:02 +04:00,08/07/2025 18:24:46 +04:00,23597.000000000,23575.000000000,0.74000,44.000000000,1,Short,08/07/2025 00:00:00 -05:00,00:05:44.4028910,
1209745592,MNQU5,08/07/2025 18:19:02 +04:00,08/07/2025 18:24:46 +04:00,23598.000000000,23575.000000000,0.74000,46.000000000,1,Short,08/07/2025 00:00:00 -05:00,00:05:43.9519360,
1209745593,MNQU5,08/07/2025 18:19:03 +04:00,08/07/2025 18:24:46 +04:00,23598.500000000,23575.000000000,0.74000,47.000000000,1,Short,08/07/2025 00:00:00 -05:00,00:05:43.2528940,
1209745594,MNQU5,08/07/2025 18:19:04 +04:00,08/07/2025 18:24:46 +04:00,23599.250000000,23575.000000000,0.74000,48.500000000,1,Short,08/07/2025 00:00:00 -05:00,00:05:41.9028080,
1209745596,MNQU5,08/07/2025 18:19:09 +04:00,08/07/2025 18:24:46 +04:00,23594.000000000,23575.000000000,0.74000,38.000000000,1,Short,08/07/2025 00:00:00 -05:00,00:05:37.1011120,
1215182145,MNQU5,08/08/2025 18:13:05 +04:00,08/08/2025 18:17:43 +04:00,23650.750000000,23649.500000000,0.74000,2.500000000,1,Short,08/08/2025 00:00:00 -05:00,00:04:37.8580720,
1215182146,MNQU5,08/08/2025 18:13:10 +04:00,08/08/2025 18:17:43 +04:00,23651.000000000,23649.500000000,0.74000,3.000000000,1,Short,08/08/2025 00:00:00 -05:00,00:04:33.0088880,
1215182147,MNQU5,08/08/2025 18:13:12 +04:00,08/08/2025 18:17:43 +04:00,23650.250000000,23649.500000000,0.74000,1.500000000,1,Short,08/08/2025 00:00:00 -05:00,00:04:31.1089310,
1225858610,MNQU5,08/12/2025 17:57:39 +04:00,08/12/2025 17:58:15 +04:00,23676.750000000,23664.750000000,0.74000,24.000000000,1,Short,08/12/2025 00:00:00 -05:00,00:00:35.4354420,
1226042687,MNQU5,08/12/2025 18:06:08 +04:00,08/12/2025 18:06:46 +04:00,23676.500000000,23671.500000000,0.74000,-10.000000000,1,Long,08/12/2025 00:00:00 -05:00,00:00:37.4477860,
1226322398,MNQU5,08/12/2025 18:20:37 +04:00,08/12/2025 18:23:16 +04:00,23745.750000000,23747.750000000,0.74000,4.000000000,1,Long,08/12/2025 00:00:00 -05:00,00:02:38.6970360,
1226322399,MNQU5,08/12/2025 18:20:38 +04:00,08/12/2025 18:23:16 +04:00,23744.750000000,23747.750000000,0.74000,6.000000000,1,Long,08/12/2025 00:00:00 -05:00,00:02:37.7391620,
1226322400,MNQU5,08/12/2025 18:20:39 +04:00,08/12/2025 18:23:16 +04:00,23744.250000000,23747.750000000,0.74000,7.000000000,1,Long,08/12/2025 00:00:00 -05:00,00:02:36.6468470,
1226343844,MNQU5,08/12/2025 18:24:16 +04:00,08/12/2025 18:25:12 +04:00,23744.750000000,23746.500000000,2.22000,10.500000000,3,Long,08/12/2025 00:00:00 -05:00,00:00:56.2129780,
1226451999,MNQU5,08/12/2025 18:34:57 +04:00,08/12/2025 18:35:54 +04:00,23745.250000000,23760.500000000,0.74000,30.500000000,1,Long,08/12/2025 00:00:00 -05:00,00:00:57.3469110,
1230813012,MNQU5,08/13/2025 18:08:32 +04:00,08/13/2025 18:11:05 +04:00,23998.500000000,23984.000000000,0.74000,29.000000000,1,Short,08/13/2025 00:00:00 -05:00,00:02:33.1560510,
1230813014,MNQU5,08/13/2025 18:08:44 +04:00,08/13/2025 18:11:05 +04:00,24002.000000000,23984.000000000,3.70000,180.000000000,5,Short,08/13/2025 00:00:00 -05:00,00:02:20.3817550,
1236703312,MNQU5,08/14/2025 18:42:32 +04:00,08/14/2025 18:46:25 +04:00,23977.750000000,23989.000000000,0.74000,-22.500000000,1,Short,08/14/2025 00:00:00 -05:00,00:03:53.9426600,
1236703315,MNQU5,08/14/2025 18:42:33 +04:00,08/14/2025 18:46:25 +04:00,23978.000000000,23989.000000000,0.74000,-22.000000000,1,Short,08/14/2025 00:00:00 -05:00,00:03:52.7907510,
1236703316,MNQU5,08/14/2025 18:42:36 +04:00,08/14/2025 18:46:25 +04:00,23977.250000000,23989.000000000,0.74000,-23.500000000,1,Short,08/14/2025 00:00:00 -05:00,00:03:49.7431420,
1236703319,MNQU5,08/14/2025 18:42:38 +04:00,08/14/2025 18:46:25 +04:00,23978.000000000,23989.000000000,0.74000,-22.000000000,1,Short,08/14/2025 00:00:00 -05:00,00:03:47.7369470,
1236703321,MNQU5,08/14/2025 18:42:43 +04:00,08/14/2025 18:46:25 +04:00,23979.000000000,23989.000000000,0.74000,-20.000000000,1,Short,08/14/2025 00:00:00 -05:00,00:03:42.5889150,
1236703324,MNQU5,08/14/2025 18:42:47 +04:00,08/14/2025 18:46:25 +04:00,23979.000000000,23989.000000000,0.74000,-20.000000000,1,Short,08/14/2025 00:00:00 -05:00,00:03:38.5389820,
1236703326,MNQU5,08/14/2025 18:42:47 +04:00,08/14/2025 18:46:25 +04:00,23979.500000000,23989.000000000,0.74000,-19.000000000,1,Short,08/14/2025 00:00:00 -05:00,00:03:38.4815520,
1236843679,MNQU5,08/14/2025 18:54:05 +04:00,08/14/2025 18:57:40 +04:00,23978.750000000,23961.750000000,0.74000,34.000000000,1,Short,08/14/2025 00:00:00 -05:00,00:03:34.6151100,
1236854343,MNQU5,08/14/2025 18:54:06 +04:00,08/14/2025 18:57:57 +04:00,23979.500000000,23950.750000000,0.74000,57.500000000,1,Short,08/14/2025 00:00:00 -05:00,00:03:50.8740830,
1236864775,MNQU5,08/14/2025 18:55:14 +04:00,08/14/2025 18:58:12 +04:00,23977.250000000,23941.000000000,0.74000,72.500000000,1,Short,08/14/2025 00:00:00 -05:00,00:02:57.8048700,
1241616058,MNQU5,08/15/2025 18:36:01 +04:00,08/15/2025 18:42:00 +04:00,23849.000000000,23828.750000000,0.74000,-40.500000000,1,Long,08/15/2025 00:00:00 -05:00,00:05:59.6918380,
1241616059,MNQU5,08/15/2025 18:36:01 +04:00,08/15/2025 18:42:00 +04:00,23849.500000000,23828.750000000,0.74000,-41.500000000,1,Long,08/15/2025 00:00:00 -05:00,00:05:59.4911030,
1241616060,MNQU5,08/15/2025 18:36:03 +04:00,08/15/2025 18:42:00 +04:00,23850.500000000,23828.750000000,0.74000,-43.500000000,1,Long,08/15/2025 00:00:00 -05:00,00:05:56.8920090,
1241616061,MNQU5,08/15/2025 18:36:04 +04:00,08/15/2025 18:42:00 +04:00,23849.750000000,23828.750000000,0.74000,-42.000000000,1,Long,08/15/2025 00:00:00 -05:00,00:05:56.5394350,
1241616062,MNQU5,08/15/2025 18:36:04 +04:00,08/15/2025 18:42:00 +04:00,23848.750000000,23828.750000000,0.74000,-40.000000000,1,Long,08/15/2025 00:00:00 -05:00,00:05:55.8920280,
1242199639,MNQU5,08/15/2025 18:54:58 +04:00,08/15/2025 19:40:49 +04:00,23808.500000000,23770.750000000,0.74000,75.500000000,1,Short,08/15/2025 00:00:00 -05:00,00:45:51.4073490,
1242199640,MNQU5,08/15/2025 18:54:59 +04:00,08/15/2025 19:40:49 +04:00,23808.750000000,23770.750000000,0.74000,76.000000000,1,Short,08/15/2025 00:00:00 -05:00,00:45:50.7586410,
1242199641,MNQU5,08/15/2025 18:54:59 +04:00,08/15/2025 19:40:49 +04:00,23809.000000000,23770.750000000,0.74000,76.500000000,1,Short,08/15/2025 00:00:00 -05:00,00:45:50.3036050,
1245493394,MNQU5,08/18/2025 17:39:01 +04:00,08/18/2025 17:42:32 +04:00,23796.500000000,23773.750000000,0.74000,45.500000000,1,Short,08/18/2025 00:00:00 -05:00,00:03:30.1955840,
1245493395,MNQU5,08/18/2025 17:39:02 +04:00,08/18/2025 17:42:32 +04:00,23795.000000000,23773.750000000,0.74000,42.500000000,1,Short,08/18/2025 00:00:00 -05:00,00:03:29.4436610,
1245493396,MNQU5,08/18/2025 17:39:05 +04:00,08/18/2025 17:42:32 +04:00,23796.500000000,23773.750000000,0.74000,45.500000000,1,Short,08/18/2025 00:00:00 -05:00,00:03:26.4456260,
1245500586,MNQU5,08/18/2025 17:39:09 +04:00,08/18/2025 17:42:41 +04:00,23796.000000000,23774.750000000,0.74000,42.500000000,1,Short,08/18/2025 00:00:00 -05:00,00:03:32.2038700,
1245500587,MNQU5,08/18/2025 17:39:09 +04:00,08/18/2025 17:42:41 +04:00,23796.500000000,23774.750000000,0.74000,43.500000000,1,Short,08/18/2025 00:00:00 -05:00,00:03:31.9522460,
1251397549,MNQU5,08/19/2025 18:20:01 +04:00,08/19/2025 18:26:52 +04:00,23700.250000000,23673.500000000,0.74000,53.500000000,1,Short,08/19/2025 00:00:00 -05:00,00:06:51.4066040,
1251397550,MNQU5,08/19/2025 18:20:02 +04:00,08/19/2025 18:26:52 +04:00,23700.000000000,23673.500000000,0.74000,53.000000000,1,Short,08/19/2025 00:00:00 -05:00,00:06:50.7063440,
1251397551,MNQU5,08/19/2025 18:20:02 +04:00,08/19/2025 18:26:52 +04:00,23700.000000000,23673.500000000,0.74000,53.000000000,1,Short,08/19/2025 00:00:00 -05:00,00:06:50.1574050,
1251397552,MNQU5,08/19/2025 18:20:11 +04:00,08/19/2025 18:26:52 +04:00,23703.000000000,23673.500000000,0.74000,59.000000000,1,Short,08/19/2025 00:00:00 -05:00,00:06:41.6644600,
1261696830,MNQU5,08/21/2025 17:57:53 +04:00,08/21/2025 17:58:13 +04:00,23206.500000000,23206.000000000,0.74000,1.000000000,1,Short,08/21/2025 00:00:00 -05:00,00:00:20.3483420,
1262045937,MNQU5,08/21/2025 18:07:37 +04:00,08/21/2025 18:16:21 +04:00,23262.000000000,23287.000000000,0.74000,50.000000000,1,Long,08/21/2025 00:00:00 -05:00,00:08:43.9829150,
1270914828,MNQU5,08/25/2025 17:35:04 +04:00,08/25/2025 17:35:22 +04:00,23481.500000000,23478.250000000,0.74000,-6.500000000,1,Long,08/25/2025 00:00:00 -05:00,00:00:17.8792410,
1270914829,MNQU5,08/25/2025 17:35:06 +04:00,08/25/2025 17:35:22 +04:00,23479.000000000,23478.250000000,0.74000,-1.500000000,1,Long,08/25/2025 00:00:00 -05:00,00:00:15.9427850,
1271124066,MNQU5,08/25/2025 17:42:00 +04:00,08/25/2025 17:44:33 +04:00,23480.750000000,23475.000000000,0.74000,11.500000000,1,Short,08/25/2025 00:00:00 -05:00,00:02:32.7449960,
1271159171,MNQU5,08/25/2025 17:42:00 +04:00,08/25/2025 17:45:25 +04:00,23481.000000000,23461.750000000,0.74000,38.500000000,1,Short,08/25/2025 00:00:00 -05:00,00:03:25.0678660,
1271161278,MNQU5,08/25/2025 17:42:00 +04:00,08/25/2025 17:45:29 +04:00,23480.250000000,23459.250000000,0.74000,42.000000000,1,Short,08/25/2025 00:00:00 -05:00,00:03:28.6793620,
1271170136,MNQU5,08/25/2025 17:42:01 +04:00,08/25/2025 17:45:50 +04:00,23480.250000000,23455.250000000,0.74000,50.000000000,1,Short,08/25/2025 00:00:00 -05:00,00:03:49.2304940,
1271176466,MNQU5,08/25/2025 17:42:01 +04:00,08/25/2025 17:45:59 +04:00,23480.500000000,23451.500000000,0.74000,58.000000000,1,Short,08/25/2025 00:00:00 -05:00,00:03:58.1264820,
1276860094,MNQU5,08/26/2025 18:12:01 +04:00,08/26/2025 18:18:49 +04:00,23494.000000000,23526.500000000,0.74000,-65.000000000,1,Short,08/26/2025 00:00:00 -05:00,00:06:48.4444470,
1276860095,MNQU5,08/26/2025 18:12:22 +04:00,08/26/2025 18:18:49 +04:00,23498.000000000,23526.500000000,0.74000,-57.000000000,1,Short,08/26/2025 00:00:00 -05:00,00:06:26.9736070,
1276860096,MNQU5,08/26/2025 18:12:23 +04:00,08/26/2025 18:18:49 +04:00,23499.250000000,23526.500000000,0.74000,-54.500000000,1,Short,08/26/2025 00:00:00 -05:00,00:06:26.5461940,
1276860097,MNQU5,08/26/2025 18:14:07 +04:00,08/26/2025 18:18:49 +04:00,23501.750000000,23526.500000000,0.74000,-49.500000000,1,Short,08/26/2025 00:00:00 -05:00,00:04:41.8094100,
1277217687,MNQU5,08/26/2025 18:40:42 +04:00,08/26/2025 18:45:01 +04:00,23530.000000000,23549.500000000,3.70000,-195.000000000,5,Short,08/26/2025 00:00:00 -05:00,00:04:19.3916350,
1286147334,MNQU5,08/28/2025 18:00:00 +04:00,08/28/2025 18:03:23 +04:00,23607.250000000,23630.000000000,0.74000,45.500000000,1,Long,08/28/2025 00:00:00 -05:00,00:03:23.2822140,
1286149332,MNQU5,08/28/2025 18:00:00 +04:00,08/28/2025 18:03:32 +04:00,23607.750000000,23627.250000000,0.74000,39.000000000,1,Long,08/28/2025 00:00:00 -05:00,00:03:31.6978890,
1286150459,MNQU5,08/28/2025 18:00:07 +04:00,08/28/2025 18:03:38 +04:00,23607.000000000,23630.250000000,0.74000,46.500000000,1,Long,08/28/2025 00:00:00 -05:00,00:03:30.7914250,
1286169198,MNQU5,08/28/2025 18:00:07 +04:00,08/28/2025 18:04:39 +04:00,23606.500000000,23607.750000000,0.74000,2.500000000,1,Long,08/28/2025 00:00:00 -05:00,00:04:31.4591180,
1290406630,MNQU5,08/29/2025 17:51:35 +04:00,08/29/2025 17:54:29 +04:00,23551.500000000,23552.000000000,3.70000,5.000000000,5,Long,08/29/2025 00:00:00 -05:00,00:02:53.7282970,
1290885412,MNQU5,08/29/2025 18:14:25 +04:00,08/29/2025 18:15:50 +04:00,23456.250000000,23432.250000000,2.22000,-144.000000000,3,Long,08/29/2025 00:00:00 -05:00,00:01:25.3082000,
1290885415,MNQU5,08/29/2025 18:14:43 +04:00,08/29/2025 18:15:50 +04:00,23451.500000000,23432.250000000,0.74000,-38.500000000,1,Long,08/29/2025 00:00:00 -05:00,00:01:07.1103700,
1290964839,MNQU5,08/29/2025 18:19:02 +04:00,08/29/2025 18:20:22 +04:00,23453.250000000,23481.000000000,2.22000,166.500000000,3,Long,08/29/2025 00:00:00 -05:00,00:01:19.8145640,
1291692070,MNQU5,08/29/2025 19:20:02 +04:00,08/29/2025 19:22:49 +04:00,23468.000000000,23482.750000000,0.74000,29.500000000,1,Long,08/29/2025 00:00:00 -05:00,00:02:47.0300810,
1291692071,MNQU5,08/29/2025 19:20:02 +04:00,08/29/2025 19:22:49 +04:00,23469.750000000,23482.750000000,0.74000,26.000000000,1,Long,08/29/2025 00:00:00 -05:00,00:02:46.3811160,
1291692072,MNQU5,08/29/2025 19:20:03 +04:00,08/29/2025 19:22:49 +04:00,23470.500000000,23482.750000000,0.74000,24.500000000,1,Long,08/29/2025 00:00:00 -05:00,00:02:45.2811870,
1291692073,MNQU5,08/29/2025 19:20:04 +04:00,08/29/2025 19:22:49 +04:00,23471.750000000,23482.750000000,0.74000,22.000000000,1,Long,08/29/2025 00:00:00 -05:00,00:02:44.7802330,
1291692074,MNQU5,08/29/2025 19:20:09 +04:00,08/29/2025 19:22:49 +04:00,23475.250000000,23482.750000000,0.74000,15.000000000,1,Long,08/29/2025 00:00:00 -05:00,00:02:39.3295900,
1291692075,MNQU5,08/29/2025 19:20:17 +04:00,08/29/2025 19:22:49 +04:00,23473.750000000,23482.750000000,0.74000,18.000000000,1,Long,08/29/2025 00:00:00 -05:00,00:02:31.6309220,
1298412500,MNQU5,09/02/2025 18:17:05 +04:00,09/02/2025 18:17:32 +04:00,23206.500000000,23220.750000000,0.74000,28.500000000,1,Long,09/02/2025 00:00:00 -05:00,00:00:27.4130960,
1298412501,MNQU5,09/02/2025 18:17:06 +04:00,09/02/2025 18:17:32 +04:00,23208.500000000,23220.750000000,0.74000,24.500000000,1,Long,09/02/2025 00:00:00 -05:00,00:00:26.6618070,
1298412502,MNQU5,09/02/2025 18:17:07 +04:00,09/02/2025 18:17:32 +04:00,23209.500000000,23220.750000000,0.74000,22.500000000,1,Long,09/02/2025 00:00:00 -05:00,00:00:25.7099590,
1298412503,MNQU5,09/02/2025 18:17:08 +04:00,09/02/2025 18:17:32 +04:00,23207.000000000,23220.750000000,0.74000,27.500000000,1,Long,09/02/2025 00:00:00 -05:00,00:00:24.6605270,
1304061527,MNQU5,09/03/2025 18:15:47 +04:00,09/03/2025 18:18:49 +04:00,23411.250000000,23436.750000000,1.48000,-102.000000000,2,Short,09/03/2025 00:00:00 -05:00,00:03:01.9540590,
1310329220,MNQU5,09/04/2025 18:22:19 +04:00,09/04/2025 18:24:45 +04:00,23445.250000000,23476.250000000,2.22000,186.000000000,3,Long,09/04/2025 00:00:00 -05:00,00:02:25.9302930,
1322428873,MNQU5,09/08/2025 19:41:34 +04:00,09/08/2025 19:42:17 +04:00,23867.750000000,23862.500000000,0.74000,-10.500000000,1,Long,09/08/2025 00:00:00 -05:00,00:00:42.2069310,
1322428874,MNQU5,09/08/2025 19:41:34 +04:00,09/08/2025 19:42:17 +04:00,23867.750000000,23862.500000000,0.74000,-10.500000000,1,Long,09/08/2025 00:00:00 -05:00,00:00:42.2067560,
1322428875,MNQU5,09/08/2025 19:41:36 +04:00,09/08/2025 19:42:17 +04:00,23866.750000000,23862.500000000,0.74000,-8.500000000,1,Long,09/08/2025 00:00:00 -05:00,00:00:40.9583530,
1322428876,MNQU5,09/08/2025 19:41:42 +04:00,09/08/2025 19:42:17 +04:00,23867.000000000,23862.500000000,0.74000,-9.000000000,1,Long,09/08/2025 00:00:00 -05:00,00:00:34.9074130,
1327935421,MNQU5,09/09/2025 18:50:38 +04:00,09/09/2025 18:52:18 +04:00,23749.250000000,23764.500000000,0.74000,-30.500000000,1,Short,09/09/2025 00:00:00 -05:00,00:01:39.4542630,
1327935423,MNQU5,09/09/2025 18:50:40 +04:00,09/09/2025 18:52:18 +04:00,23749.750000000,23764.500000000,0.74000,-29.500000000,1,Short,09/09/2025 00:00:00 -05:00,00:01:37.8501630,
1327935424,MNQU5,09/09/2025 18:50:41 +04:00,09/09/2025 18:52:18 +04:00,23748.500000000,23764.500000000,0.74000,-32.000000000,1,Short,09/09/2025 00:00:00 -05:00,00:01:36.2479180,
1327935425,MNQU5,09/09/2025 18:50:43 +04:00,09/09/2025 18:52:18 +04:00,23747.250000000,23764.500000000,0.74000,-34.500000000,1,Short,09/09/2025 00:00:00 -05:00,00:01:34.5596390,
1338474194,MNQU5,09/11/2025 17:55:13 +04:00,09/11/2025 17:59:56 +04:00,23967.250000000,23977.250000000,1.48000,40.000000000,2,Long,09/11/2025 00:00:00 -05:00,00:04:42.2489190,
1343612279,MNQU5,09/12/2025 18:18:04 +04:00,09/12/2025 18:21:24 +04:00,24048.500000000,24067.500000000,0.74000,38.000000000,1,Long,09/12/2025 00:00:00 -05:00,00:03:20.3028390,
1343612280,MNQU5,09/12/2025 18:18:04 +04:00,09/12/2025 18:21:24 +04:00,24049.000000000,24067.500000000,0.74000,37.000000000,1,Long,09/12/2025 00:00:00 -05:00,00:03:19.9511260,
1343612281,MNQU5,09/12/2025 18:18:04 +04:00,09/12/2025 18:21:24 +04:00,24049.250000000,24067.500000000,0.74000,36.500000000,1,Long,09/12/2025 00:00:00 -05:00,00:03:19.6022130,
1343612282,MNQU5,09/12/2025 18:18:05 +04:00,09/12/2025 18:21:24 +04:00,24048.500000000,24067.500000000,0.74000,38.000000000,1,Long,09/12/2025 00:00:00 -05:00,00:03:18.5026360,
1343612283,MNQU5,09/12/2025 18:18:11 +04:00,09/12/2025 18:21:24 +04:00,24046.750000000,24067.500000000,0.74000,41.500000000,1,Long,09/12/2025 00:00:00 -05:00,00:03:13.0058040,
1353439947,MNQZ5,09/16/2025 18:16:39 +04:00,09/16/2025 18:20:07 +04:00,24544.250000000,24544.750000000,0.74000,1.000000000,1,Long,09/16/2025 00:00:00 -05:00,00:03:28.7556780,
1353439948,MNQZ5,09/16/2025 18:16:40 +04:00,09/16/2025 18:20:07 +04:00,24543.750000000,24544.750000000,0.74000,2.000000000,1,Long,09/16/2025 00:00:00 -05:00,00:03:27.7030300,
1353439949,MNQZ5,09/16/2025 18:16:41 +04:00,09/16/2025 18:20:07 +04:00,24544.250000000,24544.750000000,0.74000,1.000000000,1,Long,09/16/2025 00:00:00 -05:00,00:03:26.5880180,
1368981811,MNQZ5,09/19/2025 17:45:04 +04:00,09/19/2025 17:50:49 +04:00,24766.000000000,24793.500000000,0.74000,55.000000000,1,Long,09/19/2025 00:00:00 -05:00,00:05:45.1528980,
1368981828,MNQZ5,09/19/2025 17:45:05 +04:00,09/19/2025 17:50:49 +04:00,24766.000000000,24793.500000000,0.74000,55.000000000,1,Long,09/19/2025 00:00:00 -05:00,00:05:44.3708460,
1368981829,MNQZ5,09/19/2025 17:45:05 +04:00,09/19/2025 17:50:49 +04:00,24765.750000000,24793.500000000,0.74000,55.500000000,1,Long,09/19/2025 00:00:00 -05:00,00:05:44.3706170,
1368981830,MNQZ5,09/19/2025 17:45:07 +04:00,09/19/2025 17:50:49 +04:00,24764.750000000,24793.500000000,0.74000,57.500000000,1,Long,09/19/2025 00:00:00 -05:00,00:05:42.5180470,
1379463407,MNQZ5,09/23/2025 18:06:04 +04:00,09/23/2025 18:17:21 +04:00,24956.250000000,24953.000000000,0.74000,-6.500000000,1,Long,09/23/2025 00:00:00 -05:00,00:11:16.7549830,
1379463408,MNQZ5,09/23/2025 18:06:52 +04:00,09/23/2025 18:17:21 +04:00,24952.500000000,24953.000000000,2.22000,3.000000000,3,Long,09/23/2025 00:00:00 -05:00,00:10:29.5207040,
1385335284,MNQZ5,09/24/2025 18:07:03 +04:00,09/24/2025 18:35:38 +04:00,24816.250000000,24815.250000000,0.74000,2.000000000,1,Short,09/24/2025 00:00:00 -05:00,00:28:35.4395910,
1385335285,MNQZ5,09/24/2025 18:07:05 +04:00,09/24/2025 18:35:38 +04:00,24815.750000000,24815.250000000,0.74000,1.000000000,1,Short,09/24/2025 00:00:00 -05:00,00:28:33.4778960,
1385335287,MNQZ5,09/24/2025 18:07:05 +04:00,09/24/2025 18:35:38 +04:00,24815.750000000,24815.250000000,0.74000,1.000000000,1,Short,09/24/2025 00:00:00 -05:00,00:28:33.4775780,
1385335288,MNQZ5,09/24/2025 18:07:10 +04:00,09/24/2025 18:35:38 +04:00,24817.250000000,24815.250000000,0.74000,4.000000000,1,Short,09/24/2025 00:00:00 -05:00,00:28:28.4377030,
1385335291,MNQZ5,09/24/2025 18:07:11 +04:00,09/24/2025 18:35:38 +04:00,24816.000000000,24815.250000000,0.74000,1.500000000,1,Short,09/24/2025 00:00:00 -05:00,00:28:26.7397460,
1395450372,MNQZ5,09/26/2025 17:36:25 +04:00,09/26/2025 17:40:38 +04:00,24680.750000000,24690.250000000,2.96000,76.000000000,4,Long,09/26/2025 00:00:00 -05:00,00:04:12.7987430,
1412401512,MNQZ5,10/01/2025 17:45:19 +04:00,10/01/2025 17:46:15 +04:00,24821.750000000,24804.750000000,3.70000,-170.000000000,5,Long,10/01/2025 00:00:00 -05:00,00:00:55.8152200,
1412401514,MNQZ5,10/01/2025 17:45:30 +04:00,10/01/2025 17:46:15 +04:00,24818.500000000,24804.750000000,0.74000,-27.500000000,1,Long,10/01/2025 00:00:00 -05:00,00:00:45.3726720,
1412401515,MNQZ5,10/01/2025 17:45:32 +04:00,10/01/2025 17:46:15 +04:00,24818.000000000,24804.750000000,0.74000,-26.500000000,1,Long,10/01/2025 00:00:00 -05:00,00:00:43.2744500,
1424301421,MNQZ5,10/03/2025 18:13:06 +04:00,10/03/2025 18:16:30 +04:00,25081.000000000,25096.250000000,0.74000,30.500000000,1,Long,10/03/2025 00:00:00 -05:00,00:03:23.2023440,
1424301501,MNQZ5,10/03/2025 18:13:07 +04:00,10/03/2025 18:16:30 +04:00,25079.250000000,25097.000000000,0.74000,35.500000000,1,Long,10/03/2025 00:00:00 -05:00,00:03:23.0814320,
1424338420,MNQZ5,10/03/2025 18:13:10 +04:00,10/03/2025 18:18:26 +04:00,25079.250000000,25080.000000000,0.74000,1.500000000,1,Long,10/03/2025 00:00:00 -05:00,00:05:15.9897090,
1424338421,MNQZ5,10/03/2025 18:13:10 +04:00,10/03/2025 18:18:26 +04:00,25078.500000000,25080.000000000,0.74000,3.000000000,1,Long,10/03/2025 00:00:00 -05:00,00:05:15.9880950,
1430017942,MNQZ5,10/06/2025 18:02:52 +04:00,10/06/2025 18:04:40 +04:00,25158.500000000,25175.250000000,3.70000,-167.500000000,5,Short,10/06/2025 00:00:00 -05:00,00:01:47.6764890,
1430113845,MNQZ5,10/06/2025 18:06:40 +04:00,10/06/2025 18:10:05 +04:00,25169.500000000,25145.250000000,0.74000,48.500000000,1,Short,10/06/2025 00:00:00 -05:00,00:03:24.6416310,
1430113846,MNQZ5,10/06/2025 18:06:41 +04:00,10/06/2025 18:10:05 +04:00,25169.250000000,25145.250000000,0.74000,48.000000000,1,Short,10/06/2025 00:00:00 -05:00,00:03:23.9412550,
1430113847,MNQZ5,10/06/2025 18:06:43 +04:00,10/06/2025 18:10:05 +04:00,25170.250000000,25145.250000000,0.74000,50.000000000,1,Short,10/06/2025 00:00:00 -05:00,00:03:21.8932760,
1430113848,MNQZ5,10/06/2025 18:06:49 +04:00,10/06/2025 18:10:05 +04:00,25164.500000000,25145.250000000,0.74000,38.500000000,1,Short,10/06/2025 00:00:00 -05:00,00:03:15.1918620,
1430113849,MNQZ5,10/06/2025 18:06:52 +04:00,10/06/2025 18:10:05 +04:00,25170.750000000,25145.250000000,0.74000,51.000000000,1,Short,10/06/2025 00:00:00 -05:00,00:03:12.7923090,
1441153511,MNQZ5,10/08/2025 17:42:03 +04:00,10/08/2025 17:44:56 +04:00,25129.500000000,25129.500000000,0.74000,0.000000000,1,Short,10/08/2025 00:00:00 -05:00,00:02:52.7967960,
1441153512,MNQZ5,10/08/2025 17:42:05 +04:00,10/08/2025 17:44:56 +04:00,25129.250000000,25129.500000000,0.74000,-0.500000000,1,Short,10/08/2025 00:00:00 -05:00,00:02:51.3853810,
1441153513,MNQZ5,10/08/2025 17:42:19 +04:00,10/08/2025 17:44:56 +04:00,25129.750000000,25129.500000000,0.74000,0.500000000,1,Short,10/08/2025 00:00:00 -05:00,00:02:36.7007060,
1441153514,MNQZ5,10/08/2025 17:42:23 +04:00,10/08/2025 17:44:56 +04:00,25130.000000000,25129.500000000,0.74000,1.000000000,1,Short,10/08/2025 00:00:00 -05:00,00:02:33.2957170,
1453724285,MNQZ5,10/10/2025 18:28:07 +04:00,10/10/2025 18:50:25 +04:00,25338.500000000,25339.500000000,0.74000,2.000000000,1,Long,10/10/2025 00:00:00 -05:00,00:22:18.4296660,
1453724286,MNQZ5,10/10/2025 18:28:08 +04:00,10/10/2025 18:50:25 +04:00,25339.500000000,25339.500000000,0.74000,0.000000000,1,Long,10/10/2025 00:00:00 -05:00,00:22:17.4322930,
1453724287,MNQZ5,10/10/2025 18:28:09 +04:00,10/10/2025 18:50:25 +04:00,25339.750000000,25339.500000000,0.74000,-0.500000000,1,Long,10/10/2025 00:00:00 -05:00,00:22:16.4797280,
1471887042,MNQZ5,10/15/2025 17:42:07 +04:00,10/15/2025 17:44:11 +04:00,24959.250000000,24927.250000000,0.74000,-64.000000000,1,Long,10/15/2025 00:00:00 -05:00,00:02:04.5859710,
1471887043,MNQZ5,10/15/2025 17:42:08 +04:00,10/15/2025 17:44:11 +04:00,24960.000000000,24927.250000000,0.74000,-65.500000000,1,Long,10/15/2025 00:00:00 -05:00,00:02:03.8327990,
1471887044,MNQZ5,10/15/2025 17:42:21 +04:00,10/15/2025 17:44:11 +04:00,24962.000000000,24927.250000000,0.74000,-69.500000000,1,Long,10/15/2025 00:00:00 -05:00,00:01:50.6805700,
1471887045,MNQZ5,10/15/2025 17:42:21 +04:00,10/15/2025 17:44:11 +04:00,24960.500000000,24927.250000000,0.74000,-66.500000000,1,Long,10/15/2025 00:00:00 -05:00,00:01:50.6788780,
1479182699,MNQZ5,10/16/2025 17:48:07 +04:00,10/16/2025 17:55:04 +04:00,25074.750000000,25074.500000000,0.74000,0.500000000,1,Short,10/16/2025 00:00:00 -05:00,00:06:57.5262650,
1479182700,MNQZ5,10/16/2025 17:48:07 +04:00,10/16/2025 17:55:04 +04:00,25075.750000000,25074.500000000,0.74000,2.500000000,1,Short,10/16/2025 00:00:00 -05:00,00:06:56.7254670,
1487644825,MNQZ5,10/17/2025 18:35:14 +04:00,10/17/2025 18:38:11 +04:00,24846.750000000,24822.500000000,0.74000,48.500000000,1,Short,10/17/2025 00:00:00 -05:00,00:02:57.4461760,
1497613120,MNQZ5,10/21/2025 18:24:06 +04:00,10/21/2025 18:26:13 +04:00,25267.000000000,25260.250000000,0.74000,13.500000000,1,Short,10/21/2025 00:00:00 -05:00,00:02:06.9403670,
1497613121,MNQZ5,10/21/2025 18:24:07 +04:00,10/21/2025 18:26:13 +04:00,25267.500000000,25260.250000000,0.74000,14.500000000,1,Short,10/21/2025 00:00:00 -05:00,00:02:05.9451460,
1497613122,MNQZ5,10/21/2025 18:24:09 +04:00,10/21/2025 18:26:13 +04:00,25267.750000000,25260.250000000,0.74000,15.000000000,1,Short,10/21/2025 00:00:00 -05:00,00:02:04.1778230,
1497613123,MNQZ5,10/21/2025 18:24:12 +04:00,10/21/2025 18:26:13 +04:00,25267.750000000,25260.250000000,0.74000,15.000000000,1,Short,10/21/2025 00:00:00 -05:00,00:02:00.9070890,
1497613124,MNQZ5,10/21/2025 18:24:16 +04:00,10/21/2025 18:26:13 +04:00,25268.500000000,25260.250000000,0.74000,16.500000000,1,Short,10/21/2025 00:00:00 -05:00,00:01:57.1993730,
1497613125,MNQZ5,10/21/2025 18:24:18 +04:00,10/21/2025 18:26:13 +04:00,25269.750000000,25260.250000000,0.74000,19.000000000,1,Short,10/21/2025 00:00:00 -05:00,00:01:55.6823790,
1520484020,MNQZ5,10/24/2025 17:36:32 +04:00,10/24/2025 17:37:06 +04:00,25498.750000000,25522.250000000,0.74000,47.000000000,1,Long,10/24/2025 00:00:00 -05:00,00:00:33.4094230,
1535645818,MNQZ5,10/28/2025 18:38:12 +04:00,10/28/2025 18:40:24 +04:00,26042.250000000,26023.750000000,0.74000,-37.000000000,1,Long,10/28/2025 00:00:00 -05:00,00:02:11.4898290,
1535645820,MNQZ5,10/28/2025 18:38:13 +04:00,10/28/2025 18:40:24 +04:00,26042.000000000,26023.750000000,0.74000,-36.500000000,1,Long,10/28/2025 00:00:00 -05:00,00:02:10.6842510,
1535645822,MNQZ5,10/28/2025 18:39:02 +04:00,10/28/2025 18:40:24 +04:00,26041.750000000,26023.750000000,0.74000,-36.000000000,1,Long,10/28/2025 00:00:00 -05:00,00:01:21.6311810,
1549708340,MNQZ5,10/30/2025 18:02:30 +04:00,10/30/2025 18:04:12 +04:00,26126.500000000,26126.750000000,0.74000,-0.500000000,1,Short,10/30/2025 00:00:00 -05:00,00:01:41.6965340,
1549708341,MNQZ5,10/30/2025 18:02:31 +04:00,10/30/2025 18:04:12 +04:00,26128.500000000,26126.750000000,0.74000,3.500000000,1,Short,10/30/2025 00:00:00 -05:00,00:01:41.1941720,
1556299994,MNQZ5,10/31/2025 18:06:06 +04:00,10/31/2025 18:07:16 +04:00,26089.750000000,26105.000000000,0.74000,30.500000000,1,Long,10/31/2025 00:00:00 -05:00,00:01:10.0083770,
1556299995,MNQZ5,10/31/2025 18:06:07 +04:00,10/31/2025 18:07:16 +04:00,26088.500000000,26105.000000000,0.74000,33.000000000,1,Long,10/31/2025 00:00:00 -05:00,00:01:08.7072220,
1556299996,MNQZ5,10/31/2025 18:06:19 +04:00,10/31/2025 18:07:16 +04:00,26086.750000000,26105.000000000,0.74000,36.500000000,1,Long,10/31/2025 00:00:00 -05:00,00:00:57.3077540,
1563305423,MNQZ5,11/03/2025 19:04:01 +04:00,11/03/2025 19:05:57 +04:00,26125.250000000,26101.250000000,2.96000,-192.000000000,4,Long,11/03/2025 00:00:00 -06:00,00:01:55.4797960,
1563403445,MNQZ5,11/03/2025 19:10:06 +04:00,11/03/2025 19:10:10 +04:00,26128.250000000,26127.750000000,2.96000,-4.000000000,4,Long,11/03/2025 00:00:00 -06:00,00:00:03.8534110,
1563500749,MNQZ5,11/03/2025 19:10:15 +04:00,11/03/2025 19:14:49 +04:00,26126.000000000,26126.750000000,0.74000,1.500000000,1,Long,11/03/2025 00:00:00 -06:00,00:04:33.9108740,
1564377417,MNQZ5,11/03/2025 19:54:02 +04:00,11/03/2025 19:59:45 +04:00,26085.750000000,26086.000000000,1.48000,1.000000000,2,Long,11/03/2025 00:00:00 -06:00,00:05:43.6947880,
1564364401,MNQZ5,11/03/2025 19:54:02 +04:00,11/03/2025 19:59:01 +04:00,26085.750000000,26111.500000000,0.74000,51.500000000,1,Long,11/03/2025 00:00:00 -06:00,00:04:59.1446730,
1564316301,MNQZ5,11/03/2025 19:54:02 +04:00,11/03/2025 19:56:15 +04:00,26085.750000000,26086.750000000,0.74000,2.000000000,1,Long,11/03/2025 00:00:00 -06:00,00:02:13.2195670,
1578334451,MNQZ5,11/05/2025 18:31:34 +04:00,11/05/2025 18:32:11 +04:00,25544.000000000,25542.500000000,0.74000,3.000000000,1,Short,11/05/2025 00:00:00 -06:00,00:00:37.7156050,
1578334452,MNQZ5,11/05/2025 18:31:35 +04:00,11/05/2025 18:32:11 +04:00,25543.250000000,25542.500000000,0.74000,1.500000000,1,Short,11/05/2025 00:00:00 -06:00,00:00:36.9658550,
1578334453,MNQZ5,11/05/2025 18:31:35 +04:00,11/05/2025 18:32:11 +04:00,25541.500000000,25542.500000000,0.74000,-2.000000000,1,Short,11/05/2025 00:00:00 -06:00,00:00:36.3158290,
1579827352,MNQZ5,11/05/2025 19:30:00 +04:00,11/05/2025 19:41:15 +04:00,25687.250000000,25717.000000000,0.74000,-59.500000000,1,Short,11/05/2025 00:00:00 -06:00,00:11:14.3012500,
1579827354,MNQZ5,11/05/2025 19:30:01 +04:00,11/05/2025 19:41:15 +04:00,25684.500000000,25717.000000000,0.74000,-65.000000000,1,Short,11/05/2025 00:00:00 -06:00,00:11:13.6493350,
1579827355,MNQZ5,11/05/2025 19:30:05 +04:00,11/05/2025 19:41:15 +04:00,25686.500000000,25717.000000000,0.74000,-61.000000000,1,Short,11/05/2025 00:00:00 -06:00,00:11:09.3502560,
1586270913,MNQZ5,11/06/2025 18:46:03 +04:00,11/06/2025 18:49:39 +04:00,25642.750000000,25639.750000000,0.74000,-6.000000000,1,Long,11/06/2025 00:00:00 -06:00,00:03:36.0681790,
1586270914,MNQZ5,11/06/2025 18:46:06 +04:00,11/06/2025 18:49:39 +04:00,25641.000000000,25639.750000000,0.74000,-2.500000000,1,Long,11/06/2025 00:00:00 -06:00,00:03:33.0199480,
1586270916,MNQZ5,11/06/2025 18:46:18 +04:00,11/06/2025 18:49:39 +04:00,25634.750000000,25639.750000000,0.74000,10.000000000,1,Long,11/06/2025 00:00:00 -06:00,00:03:20.7698410,
1586964976,MNQZ5,11/06/2025 19:13:00 +04:00,11/06/2025 19:13:43 +04:00,25438.000000000,25438.750000000,0.74000,-1.500000000,1,Short,11/06/2025 00:00:00 -06:00,00:00:42.7981990,
1586965352,MNQZ5,11/06/2025 19:13:00 +04:00,11/06/2025 19:13:44 +04:00,25439.000000000,25437.000000000,0.74000,4.000000000,1,Short,11/06/2025 00:00:00 -06:00,00:00:43.2966750,
1586966671,MNQZ5,11/06/2025 19:13:01 +04:00,11/06/2025 19:13:49 +04:00,25439.750000000,25442.000000000,0.74000,-4.500000000,1,Short,11/06/2025 00:00:00 -06:00,00:00:48.7510380,
1586996756,MNQZ5,11/06/2025 19:13:01 +04:00,11/06/2025 19:15:10 +04:00,25441.250000000,25412.750000000,0.74000,57.000000000,1,Short,11/06/2025 00:00:00 -06:00,00:02:09.2133410,
1586996757,MNQZ5,11/06/2025 19:13:48 +04:00,11/06/2025 19:15:10 +04:00,25444.500000000,25412.750000000,0.74000,63.500000000,1,Short,11/06/2025 00:00:00 -06:00,00:01:21.8902750,
1594969591,MNQZ5,11/07/2025 19:13:27 +04:00,11/07/2025 19:15:51 +04:00,25003.500000000,25033.500000000,0.74000,60.000000000,1,Long,11/07/2025 00:00:00 -06:00,00:02:23.2488600,
1625615938,MNQZ5,11/13/2025 19:04:59 +04:00,11/13/2025 19:07:53 +04:00,25331.000000000,25400.000000000,0.74000,-138.000000000,1,Short,11/13/2025 00:00:00 -06:00,00:02:54.0914860,
1625615940,MNQZ5,11/13/2025 19:05:33 +04:00,11/13/2025 19:07:53 +04:00,25342.500000000,25400.000000000,0.74000,-115.000000000,1,Short,11/13/2025 00:00:00 -06:00,00:02:19.5941430,
1626139465,MNQZ5,11/13/2025 19:23:15 +04:00,11/13/2025 19:34:33 +04:00,25387.250000000,25323.250000000,0.74000,128.000000000,1,Short,11/13/2025 00:00:00 -06:00,00:11:17.8534720,
1626194556,MNQZ5,11/13/2025 19:25:06 +04:00,11/13/2025 19:37:44 +04:00,25404.500000000,25299.250000000,0.74000,210.500000000,1,Short,11/13/2025 00:00:00 -06:00,00:12:38.1897240,
1633775531,MNQZ5,11/14/2025 19:05:11 +04:00,11/14/2025 19:06:52 +04:00,24908.000000000,24969.750000000,0.74000,-123.500000000,1,Short,11/14/2025 00:00:00 -06:00,00:01:40.4417720,
1633775532,MNQZ5,11/14/2025 19:05:12 +04:00,11/14/2025 19:06:52 +04:00,24907.250000000,24969.750000000,0.74000,-125.000000000,1,Short,11/14/2025 00:00:00 -06:00,00:01:40.0440320,
1633956407,MNQZ5,11/14/2025 19:08:11 +04:00,11/14/2025 19:15:26 +04:00,24925.000000000,24926.250000000,0.74000,-2.500000000,1,Short,11/14/2025 00:00:00 -06:00,00:07:14.4605140,
1633956408,MNQZ5,11/14/2025 19:08:17 +04:00,11/14/2025 19:15:26 +04:00,24927.000000000,24926.250000000,0.74000,1.500000000,1,Short,11/14/2025 00:00:00 -06:00,00:07:08.7615880,
1634704470,MNQZ5,11/14/2025 20:04:45 +04:00,11/14/2025 20:06:28 +04:00,25091.750000000,25091.250000000,0.74000,1.000000000,1,Short,11/14/2025 00:00:00 -06:00,00:01:43.3468340,
1634801024,MNQZ5,11/14/2025 20:08:42 +04:00,11/14/2025 20:16:46 +04:00,25094.000000000,25138.500000000,1.48000,-178.000000000,2,Short,11/14/2025 00:00:00 -06:00,00:08:04.4503860,
1640748175,MNQZ5,11/17/2025 18:44:31 +04:00,11/17/2025 18:44:39 +04:00,25162.750000000,25164.250000000,0.74000,-3.000000000,1,Short,11/17/2025 00:00:00 -06:00,00:00:07.4676650,
1640792501,MNQZ5,11/17/2025 18:45:02 +04:00,11/17/2025 18:46:19 +04:00,25153.750000000,25198.750000000,0.74000,-90.000000000,1,Short,11/17/2025 00:00:00 -06:00,00:01:16.5742290,
1640792502,MNQZ5,11/17/2025 18:45:03 +04:00,11/17/2025 18:46:19 +04:00,25154.250000000,25198.750000000,0.74000,-89.000000000,1,Short,11/17/2025 00:00:00 -06:00,00:01:15.7759080,
1640792503,MNQZ5,11/17/2025 18:45:14 +04:00,11/17/2025 18:46:19 +04:00,25166.500000000,25198.750000000,0.74000,-64.500000000,1,Short,11/17/2025 00:00:00 -06:00,00:01:05.4265250,
1641083030,MNQZ5,11/17/2025 19:00:00 +04:00,11/17/2025 19:00:02 +04:00,25202.750000000,25208.000000000,0.74000,-10.500000000,1,Short,11/17/2025 00:00:00 -06:00,00:00:01.7505320,
1641173019,MNQZ5,11/17/2025 19:00:27 +04:00,11/17/2025 19:03:32 +04:00,25209.750000000,25151.250000000,0.74000,117.000000000,1,Short,11/17/2025 00:00:00 -06:00,00:03:04.8475130,
1641173021,MNQZ5,11/17/2025 19:00:27 +04:00,11/17/2025 19:03:32 +04:00,25208.750000000,25151.250000000,0.74000,115.000000000,1,Short,11/17/2025 00:00:00 -06:00,00:03:04.6492940,
1641173024,MNQZ5,11/17/2025 19:01:04 +04:00,11/17/2025 19:03:32 +04:00,25202.250000000,25151.250000000,0.74000,102.000000000,1,Short,11/17/2025 00:00:00 -06:00,00:02:27.7494560,
1649263007,MNQZ5,11/18/2025 18:41:00 +04:00,11/18/2025 18:42:40 +04:00,24737.250000000,24680.500000000,1.48000,227.000000000,2,Short,11/18/2025 00:00:00 -06:00,00:01:39.8947460,
1658653091,MNQZ5,11/19/2025 19:24:00 +04:00,11/19/2025 19:31:13 +04:00,24937.000000000,24943.250000000,0.74000,-12.500000000,1,Short,11/19/2025 00:00:00 -06:00,00:07:12.7509570,
1658653092,MNQZ5,11/19/2025 19:24:05 +04:00,11/19/2025 19:31:13 +04:00,24949.500000000,24943.250000000,0.74000,12.500000000,1,Short,11/19/2025 00:00:00 -06:00,00:07:07.7018300,
1674878272,MNQZ5,11/21/2025 18:51:04 +04:00,11/21/2025 18:52:49 +04:00,24196.000000000,24240.000000000,0.74000,88.000000000,1,Long,11/21/2025 00:00:00 -06:00,00:01:44.7971090,
1674906113,MNQZ5,11/21/2025 18:51:22 +04:00,11/21/2025 18:54:13 +04:00,24180.250000000,24250.000000000,0.74000,139.500000000,1,Long,11/21/2025 00:00:00 -06:00,00:02:51.2505280,
1691139052,MNQZ5,11/25/2025 19:09:08 +04:00,11/25/2025 19:23:04 +04:00,24766.500000000,24704.250000000,0.74000,-124.500000000,1,Long,11/25/2025 00:00:00 -06:00,00:13:55.9867550,
1691139053,MNQZ5,11/25/2025 19:09:25 +04:00,11/25/2025 19:23:04 +04:00,24765.750000000,24704.250000000,0.74000,-123.000000000,1,Long,11/25/2025 00:00:00 -06:00,00:13:39.3370350,
1710644531,MNQZ5,12/01/2025 19:08:04 +04:00,12/01/2025 19:13:22 +04:00,25361.500000000,25370.250000000,2.96000,70.000000000,4,Long,12/01/2025 00:00:00 -06:00,00:05:17.7999340,
1718682384,MNQZ5,12/02/2025 18:58:23 +04:00,12/02/2025 19:00:47 +04:00,25593.250000000,25619.750000000,2.22000,159.000000000,3,Long,12/02/2025 00:00:00 -06:00,00:02:24.4557560,
1718667555,MNQZ5,12/02/2025 18:58:23 +04:00,12/02/2025 19:00:41 +04:00,25593.250000000,25610.000000000,1.48000,67.000000000,2,Long,12/02/2025 00:00:00 -06:00,00:02:18.4736370,
1751513760,MNQZ5,12/08/2025 19:17:49 +04:00,12/08/2025 19:20:46 +04:00,25745.500000000,25720.250000000,0.74000,-50.500000000,1,Long,12/08/2025 00:00:00 -06:00,00:02:57.1006480,
1751513761,MNQZ5,12/08/2025 19:18:39 +04:00,12/08/2025 19:20:46 +04:00,25735.500000000,25720.250000000,2.96000,-122.000000000,4,Long,12/08/2025 00:00:00 -06:00,00:02:06.6961090,
1758421714,MNQZ5,12/09/2025 18:36:03 +04:00,12/09/2025 18:37:18 +04:00,25603.000000000,25604.000000000,0.74000,2.000000000,1,Long,12/09/2025 00:00:00 -06:00,00:01:15.8357480,
1758421715,MNQZ5,12/09/2025 18:36:25 +04:00,12/09/2025 18:37:18 +04:00,25595.250000000,25604.000000000,1.48000,35.000000000,2,Long,12/09/2025 00:00:00 -06:00,00:00:53.2739590,
1781645096,MNQZ5,12/12/2025 18:32:12 +04:00,12/12/2025 18:34:46 +04:00,25562.000000000,25587.000000000,0.74000,50.000000000,1,Long,12/12/2025 00:00:00 -06:00,00:02:33.4953980,
1781769763,MNQZ5,12/12/2025 18:32:13 +04:00,12/12/2025 18:39:20 +04:00,25561.250000000,25611.500000000,0.74000,100.500000000,1,Long,12/12/2025 00:00:00 -06:00,00:07:07.0409870,
1781790253,MNQZ5,12/12/2025 18:39:48 +04:00,12/12/2025 18:39:49 +04:00,25611.250000000,25611.000000000,0.74000,-0.500000000,1,Long,12/12/2025 00:00:00 -06:00,00:00:00.7474400,
1781793948,MNQZ5,12/12/2025 18:39:51 +04:00,12/12/2025 18:40:00 +04:00,25610.500000000,25608.500000000,0.74000,-4.000000000,1,Long,12/12/2025 00:00:00 -06:00,00:00:08.9686550,
1809896906,MNQH6,12/18/2025 18:48:36 +04:00,12/18/2025 18:49:10 +04:00,25196.500000000,25170.500000000,0.74000,52.000000000,1,Short,12/18/2025 00:00:00 -06:00,00:00:33.6608810,
1818507290,MNQH6,12/19/2025 19:30:05 +04:00,12/19/2025 19:43:10 +04:00,25504.000000000,25521.500000000,0.74000,35.000000000,1,Long,12/19/2025 00:00:00 -06:00,00:13:05.6751550,
1818408329,MNQH6,12/19/2025 19:30:05 +04:00,12/19/2025 19:35:32 +04:00,25504.000000000,25542.000000000,0.74000,76.000000000,1,Long,12/19/2025 00:00:00 -06:00,00:05:27.1275640,
1824647499,MNQH6,12/22/2025 19:05:09 +04:00,12/22/2025 19:15:04 +04:00,25714.500000000,25675.250000000,0.74000,78.500000000,1,Short,12/22/2025 00:00:00 -06:00,00:09:54.4142210,
1839514423,MNQH6,12/26/2025 19:18:01 +04:00,12/26/2025 19:20:49 +04:00,25861.750000000,25879.250000000,0.74000,35.000000000,1,Long,12/26/2025 00:00:00 -06:00,00:02:47.1979450,
1839514424,MNQH6,12/26/2025 19:18:03 +04:00,12/26/2025 19:20:49 +04:00,25862.250000000,25879.250000000,0.74000,34.000000000,1,Long,12/26/2025 00:00:00 -06:00,00:02:45.5009210,
1839514425,MNQH6,12/26/2025 19:18:12 +04:00,12/26/2025 19:20:49 +04:00,25860.750000000,25879.250000000,0.74000,37.000000000,1,Long,12/26/2025 00:00:00 -06:00,00:02:36.7758070,
1845811738,MNQH6,12/29/2025 19:47:01 +04:00,12/29/2025 19:47:51 +04:00,25744.000000000,25730.750000000,0.74000,26.500000000,1,Short,12/29/2025 00:00:00 -06:00,00:00:50.1085110,
1845811739,MNQH6,12/29/2025 19:47:01 +04:00,12/29/2025 19:47:51 +04:00,25744.500000000,25730.750000000,0.74000,27.500000000,1,Short,12/29/2025 00:00:00 -06:00,00:00:49.7040830,
1845811741,MNQH6,12/29/2025 19:47:02 +04:00,12/29/2025 19:47:51 +04:00,25744.500000000,25730.750000000,0.74000,27.500000000,1,Short,12/29/2025 00:00:00 -06:00,00:00:48.6167710,
1851167910,MNQH6,12/30/2025 19:05:01 +04:00,12/30/2025 19:05:51 +04:00,25736.250000000,25736.250000000,0.74000,0.000000000,1,Short,12/30/2025 00:00:00 -06:00,00:00:49.8303140,
1851167911,MNQH6,12/30/2025 19:05:02 +04:00,12/30/2025 19:05:51 +04:00,25736.750000000,25736.250000000,0.74000,1.000000000,1,Short,12/30/2025 00:00:00 -06:00,00:00:48.8664430,
1870043453,MNQH6,01/05/2026 18:47:36 +04:00,01/05/2026 18:48:42 +04:00,25603.250000000,25575.250000000,0.74000,56.000000000,1,Short,01/05/2026 00:00:00 -06:00,00:01:05.9160350,
1870088168,MNQH6,01/05/2026 18:47:40 +04:00,01/05/2026 18:50:01 +04:00,25601.250000000,25600.250000000,0.74000,2.000000000,1,Short,01/05/2026 00:00:00 -06:00,00:02:21.4004340,
1877385034,MNQH6,01/06/2026 18:39:03 +04:00,01/06/2026 18:42:51 +04:00,25635.500000000,25634.750000000,0.74000,1.500000000,1,Short,01/06/2026 00:00:00 -06:00,00:03:48.6849120,
1877385035,MNQH6,01/06/2026 18:39:03 +04:00,01/06/2026 18:42:51 +04:00,25635.500000000,25634.750000000,0.74000,1.500000000,1,Short,01/06/2026 00:00:00 -06:00,00:03:48.2394000,
1885676192,MNQH6,01/07/2026 19:07:01 +04:00,01/07/2026 19:13:18 +04:00,25863.000000000,25861.000000000,0.74000,-4.000000000,1,Long,01/07/2026 00:00:00 -06:00,00:06:16.6494260,
1885676193,MNQH6,01/07/2026 19:08:08 +04:00,01/07/2026 19:13:18 +04:00,25858.000000000,25861.000000000,0.74000,6.000000000,1,Long,01/07/2026 00:00:00 -06:00,00:05:10.1008780,
1885793996,MNQH6,01/07/2026 19:15:07 +04:00,01/07/2026 19:17:18 +04:00,25853.500000000,25828.000000000,1.48000,-102.000000000,2,Long,01/07/2026 00:00:00 -06:00,00:02:11.2741080,
1893245473,MNQH6,01/08/2026 18:58:04 +04:00,01/08/2026 19:00:11 +04:00,25629.000000000,25591.500000000,0.74000,75.000000000,1,Short,01/08/2026 00:00:00 -06:00,00:02:06.7609940,
1901016160,MNQH6,01/09/2026 18:50:05 +04:00,01/09/2026 19:08:19 +04:00,25719.250000000,25660.750000000,0.74000,117.000000000,1,Short,01/09/2026 00:00:00 -06:00,00:18:14.4135630,
1908238308,MNQH6,01/12/2026 18:50:00 +04:00,01/12/2026 18:51:15 +04:00,25872.750000000,25923.750000000,0.74000,102.000000000,1,Long,01/12/2026 00:00:00 -06:00,00:01:15.3156040,
1915616182,MNQH6,01/13/2026 18:36:02 +04:00,01/13/2026 18:40:23 +04:00,25989.750000000,26032.250000000,0.74000,85.000000000,1,Long,01/13/2026 00:00:00 -06:00,00:04:21.5775220,
1915619614,MNQH6,01/13/2026 18:36:02 +04:00,01/13/2026 18:40:28 +04:00,25989.500000000,26031.750000000,0.74000,84.500000000,1,Long,01/13/2026 00:00:00 -06:00,00:04:25.8527650,
1924880923,MNQH6,01/14/2026 19:07:59 +04:00,01/14/2026 19:09:48 +04:00,25558.000000000,25591.250000000,0.74000,-66.500000000,1,Short,01/14/2026 00:00:00 -06:00,00:01:48.6715050,
1924880924,MNQH6,01/14/2026 19:08:00 +04:00,01/14/2026 19:09:48 +04:00,25559.000000000,25591.250000000,0.74000,-64.500000000,1,Short,01/14/2026 00:00:00 -06:00,00:01:47.8319570,
1924880925,MNQH6,01/14/2026 19:08:33 +04:00,01/14/2026 19:09:48 +04:00,25574.750000000,25591.250000000,0.74000,-33.000000000,1,Short,01/14/2026 00:00:00 -06:00,00:01:15.1848400,
1933375656,MNQH6,01/15/2026 18:57:06 +04:00,01/15/2026 19:07:32 +04:00,25896.250000000,25851.250000000,0.74000,-90.000000000,1,Long,01/15/2026 00:00:00 -06:00,00:10:25.7520820,
1942095514,MNQH6,01/16/2026 19:24:32 +04:00,01/16/2026 19:29:51 +04:00,25719.000000000,25668.000000000,0.74000,-102.000000000,1,Long,01/16/2026 00:00:00 -06:00,00:05:19.1850610,
1942095516,MNQH6,01/16/2026 19:25:28 +04:00,01/16/2026 19:29:51 +04:00,25705.000000000,25668.000000000,0.74000,-74.000000000,1,Long,01/16/2026 00:00:00 -06:00,00:04:23.5333590,
1955120844,MNQH6,01/20/2026 19:14:02 +04:00,01/20/2026 19:18:48 +04:00,25289.750000000,25261.500000000,0.74000,-56.500000000,1,Long,01/20/2026 00:00:00 -06:00,00:04:45.7033470,
1955120845,MNQH6,01/20/2026 19:14:03 +04:00,01/20/2026 19:18:48 +04:00,25291.250000000,25261.500000000,0.74000,-59.500000000,1,Long,01/20/2026 00:00:00 -06:00,00:04:44.8019940,
1955120846,MNQH6,01/20/2026 19:14:31 +04:00,01/20/2026 19:18:48 +04:00,25284.250000000,25261.500000000,0.74000,-45.500000000,1,Long,01/20/2026 00:00:00 -06:00,00:04:16.5031440,
1970655213,MNQH6,01/22/2026 18:21:21 +04:00,01/22/2026 18:29:00 +04:00,25722.250000000,25722.750000000,0.74000,1.000000000,1,Long,01/22/2026 00:00:00 -06:00,00:07:39.6056210,
1970639087,MNQH6,01/22/2026 18:21:21 +04:00,01/22/2026 18:26:53 +04:00,25722.250000000,25736.000000000,0.74000,27.500000000,1,Long,01/22/2026 00:00:00 -06:00,00:05:31.9584460,
1970638115,MNQH6,01/22/2026 18:21:21 +04:00,01/22/2026 18:26:47 +04:00,25722.250000000,25731.500000000,0.74000,18.500000000,1,Long,01/22/2026 00:00:00 -06:00,00:05:26.7572160,
1980643138,MNQH6,01/23/2026 19:16:06 +04:00,01/23/2026 19:20:04 +04:00,25702.000000000,25676.000000000,0.74000,-52.000000000,1,Long,01/23/2026 00:00:00 -06:00,00:03:57.2207820,
1991167386,MNQH6,01/26/2026 20:20:01 +04:00,01/26/2026 20:21:19 +04:00,25864.250000000,25863.750000000,0.74000,1.000000000,1,Short,01/26/2026 00:00:00 -06:00,00:01:17.7052400,
1991167387,MNQH6,01/26/2026 20:20:02 +04:00,01/26/2026 20:21:19 +04:00,25864.500000000,25863.750000000,0.74000,1.500000000,1,Short,01/26/2026 00:00:00 -06:00,00:01:17.0530340,
1997980389,MNQH6,01/27/2026 18:32:03 +04:00,01/27/2026 18:34:03 +04:00,25998.500000000,25967.250000000,0.74000,-62.500000000,1,Long,01/27/2026 00:00:00 -06:00,00:02:00.2636520,
1997980390,MNQH6,01/27/2026 18:32:04 +04:00,01/27/2026 18:34:03 +04:00,25997.000000000,25967.250000000,0.74000,-59.500000000,1,Long,01/27/2026 00:00:00 -06:00,00:01:59.2747820,
2025715691,MNQH6,01/30/2026 18:33:26 +04:00,01/30/2026 18:39:31 +04:00,25831.750000000,25916.500000000,0.74000,-169.500000000,1,Short,01/30/2026 00:00:00 -06:00,00:06:04.4601750,
2026266181,MNQH6,01/30/2026 18:43:43 +04:00,01/30/2026 18:59:01 +04:00,25883.750000000,25838.000000000,0.74000,91.500000000,1,Short,01/30/2026 00:00:00 -06:00,00:15:18.0354640,
2026293716,MNQH6,01/30/2026 18:50:40 +04:00,01/30/2026 18:59:36 +04:00,25914.750000000,25820.750000000,0.74000,188.000000000,1,Short,01/30/2026 00:00:00 -06:00,00:08:55.7015300,
2056441319,MNQH6,02/04/2026 19:20:17 +04:00,02/04/2026 19:23:30 +04:00,25207.500000000,25260.250000000,0.74000,-105.500000000,1,Short,02/04/2026 00:00:00 -06:00,00:03:12.7289820,
2056717595,MNQH6,02/04/2026 19:25:02 +04:00,02/04/2026 19:34:03 +04:00,25258.250000000,25180.000000000,0.74000,-156.500000000,1,Long,02/04/2026 00:00:00 -06:00,00:09:00.7523290,
2067494014,MNQH6,02/05/2026 19:50:00 +04:00,02/05/2026 19:58:27 +04:00,24590.750000000,24588.500000000,0.74000,4.500000000,1,Short,02/05/2026 00:00:00 -06:00,00:08:26.9090930,
2076218648,MNQH6,02/06/2026 19:10:01 +04:00,02/06/2026 19:16:50 +04:00,24793.250000000,24792.250000000,0.74000,2.000000000,1,Short,02/06/2026 00:00:00 -06:00,00:06:49.4759820,
2076493112,MNQH6,02/06/2026 19:24:30 +04:00,02/06/2026 19:26:59 +04:00,24835.500000000,24903.750000000,0.74000,-136.500000000,1,Short,02/06/2026 00:00:00 -06:00,00:02:29.2941440,
2076493113,MNQH6,02/06/2026 19:25:37 +04:00,02/06/2026 19:26:59 +04:00,24876.250000000,24903.750000000,0.74000,-55.000000000,1,Short,02/06/2026 00:00:00 -06:00,00:01:22.1017180,
2083355356,MNQH6,02/09/2026 18:36:24 +04:00,02/09/2026 18:38:03 +04:00,25050.750000000,25080.000000000,0.74000,58.500000000,1,Long,02/09/2026 00:00:00 -06:00,00:01:38.9640320,
2091449636,MNQH6,02/10/2026 18:44:01 +04:00,02/10/2026 18:48:59 +04:00,25307.500000000,25265.250000000,0.74000,-84.500000000,1,Long,02/10/2026 00:00:00 -06:00,00:04:57.7205770,
2091449637,MNQH6,02/10/2026 18:44:02 +04:00,02/10/2026 18:48:59 +04:00,25304.500000000,25265.250000000,0.74000,-78.500000000,1,Long,02/10/2026 00:00:00 -06:00,00:04:56.9273620,
2091449638,MNQH6,02/10/2026 18:45:35 +04:00,02/10/2026 18:48:59 +04:00,25290.000000000,25265.250000000,0.74000,-49.500000000,1,Long,02/10/2026 00:00:00 -06:00,00:03:23.5220980,
2091698675,MNQH6,02/10/2026 18:52:07 +04:00,02/10/2026 18:55:37 +04:00,25325.750000000,25382.000000000,0.74000,112.500000000,1,Long,02/10/2026 00:00:00 -06:00,00:03:29.9490980,
2091717231,MNQH6,02/10/2026 18:52:38 +04:00,02/10/2026 18:55:58 +04:00,25310.750000000,25387.750000000,0.74000,154.000000000,1,Long,02/10/2026 00:00:00 -06:00,00:03:19.4939620,
2117070305,MNQH6,02/13/2026 18:44:17 +04:00,02/13/2026 18:45:54 +04:00,24694.250000000,24794.500000000,0.74000,200.500000000,1,Long,02/13/2026 00:00:00 -06:00,00:01:36.6014930,
2131942168,MNQH6,02/17/2026 19:06:47 +04:00,02/17/2026 19:11:59 +04:00,24525.500000000,24485.750000000,0.74000,79.500000000,1,Short,02/17/2026 00:00:00 -06:00,00:05:11.5147390,
2131969478,MNQH6,02/17/2026 19:06:52 +04:00,02/17/2026 19:12:32 +04:00,24531.750000000,24528.000000000,0.74000,7.500000000,1,Short,02/17/2026 00:00:00 -06:00,00:05:39.9016400,
2149220260,MNQH6,02/19/2026 19:02:17 +04:00,02/19/2026 19:02:45 +04:00,24896.250000000,24899.750000000,0.74000,7.000000000,1,Long,02/19/2026 00:00:00 -06:00,00:00:27.7496800,
2149597900,MNQH6,02/19/2026 19:09:59 +04:00,02/19/2026 19:15:14 +04:00,24892.750000000,24899.000000000,0.74000,-12.500000000,1,Short,02/19/2026 00:00:00 -06:00,00:05:15.4584840,
2149597901,MNQH6,02/19/2026 19:10:31 +04:00,02/19/2026 19:15:14 +04:00,24906.750000000,24899.000000000,0.74000,15.500000000,1,Short,02/19/2026 00:00:00 -06:00,00:04:43.3560470,
2149811070,MNQH6,02/19/2026 19:19:02 +04:00,02/19/2026 19:22:36 +04:00,24893.000000000,24889.500000000,0.74000,7.000000000,1,Short,02/19/2026 00:00:00 -06:00,00:03:34.1987550,
2149811071,MNQH6,02/19/2026 19:19:03 +04:00,02/19/2026 19:22:36 +04:00,24891.750000000,24889.500000000,0.74000,4.500000000,1,Short,02/19/2026 00:00:00 -06:00,00:03:33.3013110,
2167486618,MNQH6,02/23/2026 19:13:04 +04:00,02/23/2026 19:15:52 +04:00,24868.250000000,24872.750000000,0.74000,-9.000000000,1,Short,02/23/2026 00:00:00 -06:00,00:02:48.0988450,
2167486619,MNQH6,02/23/2026 19:13:21 +04:00,02/23/2026 19:15:52 +04:00,24876.750000000,24872.750000000,0.74000,8.000000000,1,Short,02/23/2026 00:00:00 -06:00,00:02:30.5002890,
2167801724,MNQH6,02/23/2026 19:22:06 +04:00,02/23/2026 19:29:04 +04:00,24912.750000000,24875.000000000,0.74000,-75.500000000,1,Long,02/23/2026 00:00:00 -06:00,00:06:57.1539050,
2176230671,MNQH6,02/24/2026 19:03:02 +04:00,02/24/2026 19:07:02 +04:00,24876.250000000,24870.250000000,0.74000,-12.000000000,1,Long,02/24/2026 00:00:00 -06:00,00:04:00.4559550,
2176230672,MNQH6,02/24/2026 19:03:06 +04:00,02/24/2026 19:07:02 +04:00,24864.000000000,24870.250000000,0.74000,12.500000000,1,Long,02/24/2026 00:00:00 -06:00,00:03:56.6905570,
2184741574,MNQH6,02/25/2026 19:30:02 +04:00,02/25/2026 19:34:37 +04:00,25331.750000000,25299.500000000,0.74000,-64.500000000,1,Long,02/25/2026 00:00:00 -06:00,00:04:34.9709540,
2184741576,MNQH6,02/25/2026 19:30:05 +04:00,02/25/2026 19:34:37 +04:00,25331.750000000,25299.500000000,0.74000,-64.500000000,1,Long,02/25/2026 00:00:00 -06:00,00:04:32.1723540,
2184741577,MNQH6,02/25/2026 19:30:06 +04:00,02/25/2026 19:34:37 +04:00,25333.250000000,25299.500000000,0.74000,-67.500000000,1,Long,02/25/2026 00:00:00 -06:00,00:04:31.3760820,
2218580165,MNQH6,03/03/2026 19:44:16 +04:00,03/03/2026 19:49:23 +04:00,24412.750000000,24407.500000000,0.74000,10.500000000,1,Short,03/03/2026 00:00:00 -06:00,00:05:06.9807480,
2218580922,MNQH6,03/03/2026 19:44:32 +04:00,03/03/2026 19:49:24 +04:00,24410.750000000,24411.500000000,0.74000,-1.500000000,1,Short,03/03/2026 00:00:00 -06:00,00:04:52.2894780,
2226451800,MNQH6,03/04/2026 19:04:26 +04:00,03/04/2026 19:06:09 +04:00,24914.250000000,24937.250000000,1.48000,-92.000000000,2,Short,03/04/2026 00:00:00 -06:00,00:01:43.0507570,
2234652320,MNQH6,03/05/2026 19:15:15 +04:00,03/05/2026 19:17:36 +04:00,25172.750000000,25125.750000000,0.74000,-94.000000000,1,Long,03/05/2026 00:00:00 -06:00,00:02:21.6429630,
2234652322,MNQH6,03/05/2026 19:15:43 +04:00,03/05/2026 19:17:36 +04:00,25165.250000000,25125.750000000,0.74000,-79.000000000,1,Long,03/05/2026 00:00:00 -06:00,00:01:53.3423170,
2234994119,MNQH6,03/05/2026 19:28:29 +04:00,03/05/2026 19:30:49 +04:00,25004.750000000,24954.000000000,0.74000,101.500000000,1,Short,03/05/2026 00:00:00 -06:00,00:02:20.7067450,
2235253323,MNQH6,03/05/2026 19:42:31 +04:00,03/05/2026 19:43:27 +04:00,25054.500000000,25028.000000000,0.74000,53.000000000,1,Short,03/05/2026 00:00:00 -06:00,00:00:55.8531190,
2235257816,MNQH6,03/05/2026 19:42:32 +04:00,03/05/2026 19:43:35 +04:00,25058.500000000,25018.500000000,0.74000,80.000000000,1,Short,03/05/2026 00:00:00 -06:00,00:01:02.6981340,
2235513052,MNQH6,03/05/2026 20:01:44 +04:00,03/05/2026 20:02:10 +04:00,25065.250000000,25062.250000000,0.74000,6.000000000,1,Short,03/05/2026 00:00:00 -06:00,00:00:26.1042030,
2242139942,MNQH6,03/06/2026 18:49:02 +04:00,03/06/2026 18:50:54 +04:00,24693.500000000,24695.250000000,0.74000,3.500000000,1,Long,03/06/2026 00:00:00 -06:00,00:01:52.0341060,
2242139943,MNQH6,03/06/2026 18:49:03 +04:00,03/06/2026 18:50:54 +04:00,24689.500000000,24695.250000000,0.74000,11.500000000,1,Long,03/06/2026 00:00:00 -06:00,00:01:51.2499620,
2242536034,MNQH6,03/06/2026 19:04:32 +04:00,03/06/2026 19:05:47 +04:00,24738.000000000,24721.250000000,0.74000,33.500000000,1,Short,03/06/2026 00:00:00 -06:00,00:01:15.3988870,
2242541343,MNQH6,03/06/2026 19:04:35 +04:00,03/06/2026 19:06:00 +04:00,24742.000000000,24741.500000000,0.74000,1.000000000,1,Short,03/06/2026 00:00:00 -06:00,00:01:24.5535400,
2242600034,MNQH6,03/06/2026 19:08:06 +04:00,03/06/2026 19:08:44 +04:00,24736.500000000,24726.500000000,0.74000,20.000000000,1,Short,03/06/2026 00:00:00 -06:00,00:00:37.5474840,
2250303805,MNQH6,03/09/2026 17:38:05 +04:00,03/09/2026 17:45:09 +04:00,24413.000000000,24395.250000000,0.74000,35.500000000,1,Short,03/09/2026 00:00:00 -05:00,00:07:03.6590970,
2257922906,MNQH6,03/10/2026 17:36:02 +04:00,03/10/2026 17:41:59 +04:00,25001.250000000,25008.000000000,0.74000,-13.500000000,1,Short,03/10/2026 00:00:00 -05:00,00:05:57.8179160,
2257922907,MNQH6,03/10/2026 17:37:33 +04:00,03/10/2026 17:41:59 +04:00,25014.500000000,25008.000000000,0.74000,13.000000000,1,Short,03/10/2026 00:00:00 -05:00,00:04:26.4228870,
2258983198,MNQH6,03/10/2026 18:15:35 +04:00,03/10/2026 18:25:28 +04:00,24907.750000000,24998.250000000,0.74000,-181.000000000,1,Short,03/10/2026 00:00:00 -05:00,00:09:53.2574120,
2258983199,MNQH6,03/10/2026 18:18:22 +04:00,03/10/2026 18:25:28 +04:00,24919.500000000,24998.250000000,0.74000,-157.500000000,1,Short,03/10/2026 00:00:00 -05:00,00:07:06.1966510,
2258983200,MNQH6,03/10/2026 18:22:26 +04:00,03/10/2026 18:25:28 +04:00,24973.250000000,24998.250000000,0.74000,-50.000000000,1,Short,03/10/2026 00:00:00 -05:00,00:03:02.1060010,
2281013151,MNQH6,03/13/2026 17:38:01 +04:00,03/13/2026 17:41:59 +04:00,24660.000000000,24700.500000000,0.74000,81.000000000,1,Long,03/13/2026 00:00:00 -05:00,00:03:57.9857330,
2281022189,MNQH6,03/13/2026 17:38:03 +04:00,03/13/2026 17:42:08 +04:00,24662.750000000,24712.500000000,0.74000,99.500000000,1,Long,03/13/2026 00:00:00 -05:00,00:04:05.0203300,
2281364874,MNQH6,03/13/2026 17:55:33 +04:00,03/13/2026 17:55:48 +04:00,24782.000000000,24782.250000000,0.74000,-0.500000000,1,Short,03/13/2026 00:00:00 -05:00,00:00:14.9474760,
2288903233,MNQH6,03/16/2026 17:49:38 +04:00,03/16/2026 17:56:09 +04:00,24699.000000000,24697.250000000,0.74000,3.500000000,1,Short,03/16/2026 00:00:00 -05:00,00:06:30.6561440,
2288903234,MNQH6,03/16/2026 17:49:43 +04:00,03/16/2026 17:56:09 +04:00,24695.500000000,24697.250000000,0.74000,-3.500000000,1,Short,03/16/2026 00:00:00 -05:00,00:06:25.8086590,
2311565599,MNQM6,03/19/2026 17:47:03 +04:00,03/19/2026 17:49:44 +04:00,24408.500000000,24449.750000000,0.74000,-82.500000000,1,Short,03/19/2026 00:00:00 -05:00,00:02:41.2355490,
2311565600,MNQM6,03/19/2026 17:47:30 +04:00,03/19/2026 17:49:44 +04:00,24421.000000000,24449.750000000,0.74000,-57.500000000,1,Short,03/19/2026 00:00:00 -05:00,00:02:14.8820510,
2335739998,MNQM6,03/24/2026 17:48:30 +04:00,03/24/2026 17:49:46 +04:00,24193.500000000,24159.750000000,0.74000,67.500000000,1,Short,03/24/2026 00:00:00 -05:00,00:01:15.7445260,
2335793308,MNQM6,03/24/2026 17:48:42 +04:00,03/24/2026 17:51:49 +04:00,24181.500000000,24137.500000000,0.74000,88.000000000,1,Short,03/24/2026 00:00:00 -05:00,00:03:07.2177920,
